SMS,Call duration,Conversation duration,Total deadlines,Cumulative GPA,Spring GPA,CS65 GPA,Sleep Time,Sleep Rating,Times Drowsy,Academic,Books,Dating,Games,Health and Fitness,Mail,Maps,Movies and TV,News,Puzzle,Travel,King Arthur Flour Coffee Bar,53 Commons,Collis Cafe,Courtyard Cafe,Collis Market,Novack Cafe,Days online,Views,Contributions,Questions,Notes,Answers,Total comments,Comments positivity,Stress Level,Depression Frequency,Phone Affects Sleep (New),Studying Distraction (New),Cluster
24.0,22.5,229.6,1.0,3.68,3.78,4.0,0.0,0.0,0.0,0,0,0,0,0,468,502,0,0,0,0,1.0,3.0,9.0,1.0,1.0,1.0,67,301,1,0,0,0,0,0.023,2.25,0.0,0.0,1.0,0
23.6,0.38,313.92,1.0,3.5,3.78,3.5575301453971138,7.2,3.0,0.0,0,0,0,0,106,1977,285,137,4105,0,0,0.0,0.0,0.0,0.0,0.0,0.0,16,52,4,4,0,0,0,0.027,3.0,0.0,0.0,1.0,2
23.8,22.5,304.71,0.0,3.68,3.78,4.0,0.0,0.0,0.0,0,0,0,0,0,468,0,0,0,0,0,3.0,4.0,5.0,2.0,0.0,3.0,67,301,1,0,0,0,0,0.023,2.25,0.0,0.0,1.0,0
24.0,22.5,253.37,1.0,3.67,3.78,4.0,8.0,3.0,0.67,0,957,0,0,0,1331,1,0,0,0,0,0.0,7.0,0.0,7.0,0.0,1.0,82,300,26,11,0,3,0,0.023,2.17,0.0,0.0,1.0,2
45.0,3.17,182.34,5.0,3.62,3.78,4.0,5.75,3.0,1.25,176,0,0,0,0,2531,183,14,0,0,0,0.0,3.0,2.0,3.0,1.0,3.0,60,244,10,3,1,1,1,0.029,3.33,0.0,0.0,1.0,2
23.4,0.0,100.83,2.0,2.4,1.0,0.0,9.33,4.0,0.0,0,0,0,0,0,129,0,0,0,0,0,1.0,2.0,2.0,2.0,1.0,2.0,42,208,0,0,0,0,0,0.029,2.67,3.0,0.0,1.0,2
24.0,22.5,291.14,0.0,3.48,3.33,4.0,4.5,2.5,1.0,0,0,0,0,0,0,0,0,0,0,0,1.0,2.0,2.0,2.0,1.0,2.0,57,306,26,11,2,4,0,0.025,5.0,2.0,0.0,1.0,2
24.0,22.5,108.56,2.0,3.47,4.0,4.0,0.0,0.0,0.0,1,0,0,0,0,305,0,0,0,0,0,0.0,3.0,0.0,6.0,0.0,0.0,43,201,12,1,0,0,0,0.025,2.25,1.0,0.0,1.0,0
33.4,0.04,281.12,2.0,3.5,4.0,4.0,0.0,0.0,0.0,40,27,0,186,0,1851,0,0,836,0,0,5.0,3.0,3.0,2.0,0.0,3.0,57,299,0,0,0,0,0,0.023,4.0,0.0,0.0,1.0,0
24.0,0.0,290.29,1.0,3.5,3.78,3.5575301453971138,0.0,0.0,0.0,0,0,0,0,0,669,285,137,2259,0,0,0.0,0.0,0.0,0.0,0.0,0.0,16,52,4,4,0,0,0,0.027,2.25,0.0,0.0,1.0,0
61.4,6.72,340.99,0.0,3.71,3.33,4.0,6.4,3.2,0.0,0,0,0,0,0,3034,1235,0,0,0,0,5.0,1.0,7.0,2.0,2.0,3.0,67,308,45,22,0,5,3,0.023,4.44,1.0,0.0,1.0,2
24.0,22.5,305.62,1.0,3.5,3.78,3.5575301453971138,8.33,4.0,0.0,0,549,0,0,18,44,0,0,49,0,0,1.0,2.0,2.0,2.0,1.0,2.0,13,94,0,0,0,0,0,0.027,2.25,1.0,0.0,1.0,2
17.0,22.5,140.17,0.0,3.48,3.33,4.0,1.0,2.0,2.0,0,0,0,0,0,0,0,0,0,0,0,1.0,2.0,2.0,2.0,1.0,2.0,57,306,26,11,2,4,0,0.025,5.0,2.0,0.0,1.0,0
23.2,22.5,146.88,1.0,3.5,3.78,3.5575301453971138,8.17,3.5,0.17,0,2,0,155,0,93,0,16,0,0,0,1.0,2.0,2.0,2.0,1.0,2.0,66,226,2,0,0,0,6,0.025,2.77,2.0,0.0,1.0,3
21.4,22.5,104.09,0.0,3.5,3.78,3.5575301453971138,7.0,3.5,0.0,0,0,0,1381,0,2130,0,142,0,0,0,0.0,0.0,0.0,0.0,0.0,0.0,63,181,2,0,0,0,1,0.025,2.0,1.0,0.0,1.0,3
10.4,0.0,46.64,2.0,3.5,3.78,3.5575301453971138,0.0,0.0,0.0,0,0,0,7,0,391,0,0,0,0,0,0.0,0.0,1.0,0.0,0.0,0.0,18,21,1,0,0,0,0,0.029,3.0,0.0,0.0,1.0,0
84.0,10.03,307.65,5.0,3.52,3.56,3.67,5.7,2.7,1.0,0,0,57,1255,2,751,324,635,0,0,0,0.0,7.0,2.0,1.0,0.0,1.0,56,302,10,2,0,1,32,0.023,2.61,0.0,0.0,1.0,2
19.8,22.5,225.27,0.0,3.65,3.78,4.0,7.0,3.0,0.0,0,0,0,0,0,68,374,0,0,0,0,1.0,2.0,2.0,2.0,1.0,2.0,72,236,27,15,0,2,0,0.027,3.0,1.0,0.0,1.0,2
24.0,22.5,527.39,1.0,3.83,3.89,4.0,7.4,2.6,0.6,224,0,0,986,0,1442,0,0,0,0,0,0.0,5.0,3.0,0.0,1.0,0.0,51,299,5,2,0,0,0,0.027,2.45,0.0,0.0,1.0,2
24.0,22.5,445.72,1.0,3.03,3.5,4.0,0.0,0.0,0.0,0,0,0,0,0,0,0,0,0,0,0,2.0,4.0,7.0,0.0,0.0,0.0,27,101,1,1,0,0,0,0.023,4.0,1.0,0.0,1.0,0
11.2,15.94,164.11,0.0,3.5,3.78,3.5575301453971138,0.0,0.0,0.0,449,0,0,4,5,1162,121,23,207,0,16,1.0,2.0,2.0,2.0,1.0,2.0,70,399,620,1,93,79,0,0.023,2.25,1.0,0.0,1.0,0
23.8,22.5,252.59,3.0,3.47,4.0,4.0,6.67,2.33,0.0,371,24,0,0,0,2597,34,335,0,0,0,0.0,3.0,0.0,5.0,0.0,0.0,43,201,12,1,0,0,1,0.025,2.5,1.0,0.0,1.0,2
21.0,22.5,217.24,1.0,3.29,3.89,3.67,0.0,0.0,0.0,751,0,0,100,0,1159,1,1081,583,0,0,1.0,2.0,3.0,5.0,0.0,8.0,35,259,16,13,1,0,0,0.023,2.0,0.0,0.0,1.0,0
66.4,2.06,470.77,0.0,3.71,3.33,4.0,6.8,2.6,0.2,0,0,0,0,0,5107,1996,0,0,0,0,0.0,2.0,2.0,4.0,1.0,0.0,67,308,45,22,0,5,6,0.023,3.14,1.0,0.0,1.0,2
22.4,22.5,152.04,0.0,3.89,3.92,4.0,10.0,2.0,0.0,62,0,0,2170,0,848,0,88,0,0,0,0.0,7.0,1.0,1.0,0.0,0.0,64,226,14,4,0,1,0,0.025,2.0,1.0,0.0,1.0,3
31.6,1.57,122.31,0.0,3.71,3.33,4.0,7.0,3.0,0.0,0,0,0,0,0,6039,2129,0,0,0,0,3.0,1.0,5.0,5.0,0.0,2.0,67,308,45,22,0,5,7,0.023,3.33,1.0,0.0,1.0,2
24.0,22.5,595.2,5.0,3.29,3.89,3.67,6.33,3.0,0.0,137,0,0,100,0,433,1,0,83,0,0,0.0,0.0,2.0,6.0,0.0,4.0,35,259,16,13,1,0,0,0.023,4.4,0.0,0.0,1.0,2
24.0,22.5,431.35,0.0,2.86,1.78,3.0,7.6,3.6,0.6,0,0,0,2680,0,1102,2,0,0,322,0,2.0,2.0,0.0,4.0,0.0,1.0,29,299,5,1,1,0,2,0.023,2.8,1.0,0.0,1.0,2
22.6,22.5,303.85,1.0,3.72,3.33,3.0,6.0,4.0,0.0,0,0,0,77,4,1270,0,0,0,1372,0,3.0,1.0,3.0,3.0,0.0,3.0,66,299,7,1,0,1,0,0.027,3.0,1.0,0.0,1.0,2
19.2,22.5,113.69,0.0,3.47,4.0,4.0,0.0,0.0,0.0,1,0,0,0,0,271,0,0,0,0,0,0.0,3.0,0.0,5.0,0.0,0.0,43,201,12,1,0,0,0,0.025,2.25,1.0,0.0,1.0,0
14.4,22.5,83.79,0.0,3.65,3.78,4.0,6.0,2.0,0.0,0,0,0,0,0,68,0,0,0,0,0,1.0,2.0,2.0,2.0,1.0,2.0,72,236,27,15,0,2,0,0.027,5.0,1.0,0.0,1.0,2
23.8,0.0,189.6,1.0,3.5,3.78,3.5575301453971138,9.33,3.67,0.0,0,0,0,0,0,213,203,0,1095,0,0,0.0,0.0,0.0,0.0,0.0,0.0,16,52,4,4,0,0,0,0.027,3.0,0.0,0.0,1.0,2
18.6,0.09,119.28,0.0,3.5,3.78,3.5575301453971138,3.0,1.5,1.0,1540,70,0,20,0,5263,588,2598,0,0,0,1.0,2.0,2.0,2.0,1.0,2.0,41,301,15,4,0,3,0,0.027,2.0,1.0,0.0,1.0,0
22.4,22.5,80.55,0.0,3.5,3.78,3.5575301453971138,7.57,3.43,0.0,0,0,0,0,0,210,0,0,0,0,0,1.0,2.0,2.0,2.0,1.0,2.0,47,262,30,15,2,6,0,0.023,1.88,1.0,0.0,1.0,3
31.2,1.35,393.03,1.0,3.5,3.78,3.5575301453971138,5.8,2.8,1.6,1270,70,0,20,0,4623,588,2541,0,0,0,1.0,2.0,2.0,2.0,1.0,2.0,41,301,15,4,0,3,1,0.027,2.67,1.0,0.0,1.0,2
24.0,22.5,156.73,1.0,3.5,3.78,3.5575301453971138,8.0,3.5,0.0,0,0,0,127,0,88,0,15,0,0,0,1.0,2.0,2.0,2.0,1.0,2.0,66,226,2,0,0,0,1,0.025,3.0,3.0,0.0,1.0,3
23.0,22.5,126.5,1.0,3.5,3.78,3.5575301453971138,7.0,3.0,0.0,0,0,0,0,0,32,0,0,0,0,0,1.0,2.0,2.0,2.0,1.0,2.0,47,262,30,15,2,6,1,0.023,3.0,1.0,0.0,1.0,2
11.8,0.0,0.0,0.0,3.65,1.11,4.0,0.0,0.0,0.0,2689,0,360,1612,450,5052,211,128,638,0,398,1.0,2.0,4.0,2.0,0.0,1.0,68,302,14,7,0,1,0,0.029,2.25,1.0,0.0,1.0,0
16.2,22.5,223.34,1.0,3.5,3.78,3.5575301453971138,8.0,4.0,0.0,0,0,0,0,117,0,0,0,0,0,0,1.0,2.0,2.0,2.0,1.0,2.0,7,33,0,0,0,0,0,0.027,3.0,0.0,0.0,1.0,2
24.0,22.5,444.7,2.0,2.81,2.78,4.0,10.67,3.0,1.0,0,379,0,1378,0,751,248,424,192,0,338,0.0,0.0,0.0,8.0,0.0,1.0,39,290,28,2,4,1,0,0.027,5.0,3.0,0.0,1.0,2
13.2,0.0,68.88,1.0,3.5,3.78,3.5575301453971138,0.0,0.0,0.0,449,0,0,4,5,1286,133,23,207,0,16,1.0,2.0,2.0,2.0,1.0,2.0,70,399,620,1,93,79,0,0.023,2.25,1.0,0.0,1.0,0
22.8,0.02,369.97,1.0,3.5,3.78,3.5575301453971138,7.0,3.0,0.0,0,0,0,0,0,970,285,137,2635,0,0,0.0,0.0,0.0,0.0,0.0,0.0,16,52,4,4,0,0,0,0.027,3.0,0.0,0.0,1.0,2
24.0,22.5,278.5,2.0,3.68,3.78,4.0,0.0,0.0,0.0,0,0,0,0,0,303,0,0,0,0,0,3.0,1.0,4.0,0.0,0.0,4.0,67,301,1,0,0,0,0,0.023,2.25,0.0,0.0,1.0,0
23.6,22.5,395.01,0.0,3.47,4.0,4.0,7.6,3.4,0.0,649,24,0,0,0,2894,34,344,0,0,0,0.0,3.0,0.0,5.0,0.0,0.0,43,201,12,1,0,0,0,0.025,2.33,1.0,0.0,1.0,2
24.2,0.0,51.74,2.0,2.4,1.0,0.0,9.0,3.0,0.0,0,0,0,0,0,129,0,0,0,0,0,1.0,2.0,2.0,2.0,1.0,2.0,42,208,0,0,0,0,0,0.029,3.25,3.0,0.0,1.0,2
24.0,22.5,570.91,0.0,3.29,3.89,3.67,6.5,3.33,0.83,751,0,0,100,0,1158,1,1081,583,0,0,1.0,1.0,2.0,4.0,0.0,6.0,35,259,16,13,1,0,0,0.023,4.0,0.0,0.0,1.0,2
43.8,32.8,361.03,2.0,3.25,2.58,2.33,6.6,3.6,0.2,0,0,0,0,0,4081,1825,384,0,0,0,0.0,0.0,0.0,0.0,0.0,3.0,44,127,6,1,1,0,0,0.023,2.75,0.0,0.0,1.0,2
23.4,0.0,336.62,0.0,3.5,3.78,3.5575301453971138,5.0,2.0,0.0,0,0,0,169,0,855,0,92,0,123,0,1.0,2.0,2.0,2.0,1.0,2.0,40,292,0,0,0,0,0,0.029,3.0,1.0,0.0,1.0,2
23.8,22.5,209.98,1.0,3.89,3.92,4.0,9.0,4.0,0.0,248,0,0,2944,0,1495,0,88,0,0,0,1.0,7.0,0.0,1.0,0.0,1.0,64,226,14,4,0,1,0,0.025,2.75,1.0,0.0,1.0,2
24.0,22.5,372.58,1.0,2.81,2.78,4.0,4.33,2.33,1.33,0,549,0,2083,0,1361,248,673,200,0,556,0.0,0.0,1.0,9.0,1.0,1.0,39,290,28,2,4,1,1,0.027,5.0,3.0,0.0,1.0,2
22.8,9.17,523.38,1.0,3.5,3.78,3.5575301453971138,9.5,4.0,0.0,240,0,0,0,0,2004,323,0,191,0,14,1.0,2.0,2.0,2.0,1.0,2.0,49,162,144,0,67,22,0,0.023,3.0,0.0,0.0,1.0,2
24.0,22.5,195.08,1.0,3.5,3.78,3.5575301453971138,7.33,4.0,0.0,0,0,0,122,0,72,0,15,0,0,0,1.0,2.0,2.0,2.0,1.0,2.0,66,226,2,0,0,0,0,0.025,3.0,3.0,0.0,1.0,2
15.2,22.5,420.61,1.0,3.5,3.78,3.5575301453971138,7.5,4.0,0.0,0,0,0,0,0,351,53,124,0,0,0,1.0,2.0,2.0,2.0,1.0,2.0,26,160,0,0,0,0,0,0.027,2.5,0.0,0.0,1.0,2
0.0,0.0,0.0,0.0,2.99,3.22,3.33,0.0,0.0,0.0,0,0,0,0,0,0,0,0,0,0,0,1.0,5.0,0.0,0.0,0.0,1.0,27,149,4,0,0,0,0,0.025,2.25,1.0,0.0,1.0,0
24.0,22.5,257.73,1.0,3.72,3.33,3.0,0.0,1.0,0.0,0,0,0,77,4,1591,0,0,0,1552,0,7.0,1.0,0.0,3.0,0.0,2.0,66,299,7,1,0,1,0,0.027,4.0,1.0,0.0,1.0,0
12.6,22.5,25.47,0.0,3.89,3.92,4.0,0.0,0.0,0.0,80,0,0,2736,0,1344,0,88,0,0,0,0.0,4.0,0.0,1.0,0.0,0.0,64,226,14,4,0,1,0,0.025,2.0,1.0,0.0,1.0,0
16.2,22.5,252.22,1.0,3.5,3.78,3.5575301453971138,0.0,0.0,0.0,0,0,0,0,117,0,0,0,0,0,0,1.0,2.0,2.0,2.0,1.0,2.0,7,33,0,0,0,0,0,0.027,2.0,0.0,0.0,1.0,0
37.6,0.26,361.58,0.0,3.5,3.78,3.5575301453971138,6.5,3.0,0.5,1036,70,0,20,0,4044,588,2274,0,0,0,1.0,2.0,2.0,2.0,1.0,2.0,41,301,15,4,0,3,0,0.027,2.67,1.0,0.0,1.0,2
24.0,22.5,105.76,1.0,3.5,3.78,3.5575301453971138,8.0,4.0,0.0,0,0,0,0,0,58,0,0,0,0,0,1.0,2.0,2.0,2.0,1.0,2.0,9,29,3,1,2,0,0,0.027,3.0,1.0,0.0,1.0,2
22.2,22.5,451.33,1.0,2.77,3.33,3.67,6.0,2.0,0.0,0,0,0,93,0,0,0,0,0,0,0,0.0,0.0,1.0,6.0,0.0,1.0,22,152,1,0,0,0,0,0.027,3.0,1.0,0.0,1.0,2
24.0,22.5,488.46,1.0,3.03,3.5,4.0,6.0,3.33,0.0,0,0,0,0,0,1234,0,0,0,0,0,6.0,5.0,15.0,1.0,0.0,4.0,27,101,1,1,0,0,3,0.023,4.2,1.0,0.0,1.0,2
21.0,22.5,228.97,3.0,3.68,3.78,4.0,0.0,0.0,0.0,0,0,0,0,0,302,0,0,0,0,0,4.0,5.0,3.0,0.0,0.0,3.0,67,301,1,0,0,0,0,0.023,2.25,0.0,0.0,1.0,0
23.4,22.5,314.06,0.0,3.81,3.78,3.67,0.0,0.0,0.0,415,0,0,212,0,743,0,341,0,0,0,2.0,5.0,0.0,1.0,0.0,6.0,36,171,20,4,3,4,0,0.023,2.25,0.0,0.0,1.0,0
49.8,5.27,430.9,0.0,3.71,3.33,4.0,9.33,4.0,0.0,0,0,0,0,0,1513,342,0,0,0,0,1.0,1.0,5.0,0.0,0.0,3.0,67,308,45,22,0,5,0,0.023,4.0,1.0,0.0,1.0,2
24.0,22.5,149.11,0.0,3.47,3.33,3.33,8.33,4.0,0.33,1763,0,0,0,0,3024,0,0,0,0,0,3.0,3.0,0.0,0.0,0.0,5.0,48,278,6,3,1,0,1,0.023,2.0,2.0,0.0,1.0,3
24.4,22.5,181.03,0.0,3.03,3.5,4.0,6.2,3.0,0.0,0,32,0,0,0,1242,0,0,0,0,0,3.0,2.0,14.0,3.0,0.0,0.0,27,101,1,1,0,0,6,0.023,2.67,1.0,0.0,1.0,2
22.8,22.5,229.05,1.0,3.79,4.0,4.0,8.0,3.0,0.0,0,0,0,0,0,2598,0,0,0,0,0,0.0,9.0,0.0,0.0,0.0,0.0,43,257,27,13,0,0,0,0.029,4.4,0.0,0.0,1.0,2
19.6,22.5,35.97,0.0,3.5,3.78,3.5575301453971138,0.0,0.0,0.0,0,549,0,0,18,44,0,0,49,0,0,1.0,2.0,2.0,2.0,1.0,2.0,13,94,0,0,0,0,0,0.027,2.25,1.0,0.0,1.0,0
24.0,22.5,175.83,1.0,3.5,3.78,3.5575301453971138,0.0,0.0,0.0,0,0,0,0,0,45,0,12,0,0,0,1.0,2.0,2.0,2.0,1.0,2.0,66,226,2,0,0,0,0,0.025,2.25,3.0,0.0,1.0,0
23.6,0.44,171.64,0.0,2.4,1.0,0.0,6.0,3.8,0.0,0,0,0,0,0,129,0,0,0,0,0,1.0,2.0,2.0,2.0,1.0,2.0,42,208,0,0,0,0,0,0.029,2.6,1.0,0.0,1.0,2
20.6,0.26,118.26,1.0,2.4,1.0,0.0,6.67,3.67,0.67,0,0,0,0,0,129,0,0,0,0,0,1.0,2.0,2.0,2.0,1.0,2.0,42,208,0,0,0,0,0,0.029,3.0,1.0,0.0,1.0,2
22.8,22.5,454.05,1.0,3.79,4.0,4.0,7.17,2.83,0.5,0,0,0,0,0,4207,0,1,0,0,0,0.0,10.0,0.0,0.0,0.0,0.0,43,257,27,13,0,0,2,0.029,4.17,0.0,0.0,1.0,2
24.0,0.0,240.42,1.0,3.5,3.78,3.5575301453971138,0.0,0.0,0.0,0,0,0,513,0,0,0,0,0,0,0,1.0,2.0,2.0,2.0,1.0,2.0,0,0,0,0,0,0,0,0.027,2.0,0.0,0.0,1.0,0
24.0,22.5,616.69,0.0,2.86,1.78,3.0,6.0,3.2,1.0,0,0,0,1946,0,676,2,0,0,305,0,0.0,1.0,1.0,4.0,0.0,2.0,29,299,5,1,1,0,2,0.023,3.2,1.0,0.0,1.0,2
22.0,22.5,630.92,1.0,3.93,3.92,4.0,7.33,4.0,0.0,772,0,0,0,3,570,0,0,0,0,0,2.0,4.0,6.0,4.0,1.0,2.0,58,294,23,8,0,1,0,0.027,2.5,0.0,0.0,1.0,2
32.2,1.65,427.17,1.0,3.5,3.78,3.5575301453971138,0.0,0.0,0.0,291,0,0,7,0,2382,447,1324,0,0,0,1.0,2.0,2.0,2.0,1.0,2.0,41,301,15,4,0,3,0,0.027,2.25,0.0,0.0,1.0,0
24.0,22.5,52.7,2.0,3.5,3.78,3.5575301453971138,8.33,3.0,0.0,0,0,0,0,0,210,0,0,0,0,0,1.0,2.0,2.0,2.0,1.0,2.0,47,262,30,15,2,6,0,0.023,3.0,1.0,0.0,1.0,3
24.0,22.5,270.8,2.0,3.67,3.78,4.0,7.75,2.5,0.0,0,237,0,0,0,676,0,0,0,0,0,0.0,8.0,0.0,5.0,0.0,1.0,82,300,26,11,0,3,0,0.023,3.0,0.0,0.0,1.0,2
24.0,0.0,421.08,1.0,2.99,3.22,3.33,7.33,2.83,1.17,0,0,0,0,395,1214,0,29,672,0,0,3.0,3.0,3.0,0.0,0.0,2.0,27,149,4,0,0,0,5,0.025,3.2,1.0,0.0,1.0,2
18.8,22.5,169.1,0.0,3.5,3.78,3.5575301453971138,0.0,0.0,0.0,0,0,0,0,0,58,0,124,0,0,0,1.0,2.0,2.0,2.0,1.0,2.0,26,160,0,0,0,0,0,0.027,2.25,0.0,0.0,1.0,0
24.0,22.5,410.48,1.0,3.68,3.78,4.0,7.33,3.33,1.0,0,0,0,0,0,469,1222,0,0,0,0,0.0,3.0,7.0,2.0,1.0,1.0,67,301,1,0,0,0,0,0.023,2.33,0.0,0.0,1.0,2
51.6,3.19,425.6,0.0,3.5,3.78,3.5575301453971138,6.0,2.0,1.5,724,70,0,20,0,3415,541,1959,0,0,0,1.0,2.0,2.0,2.0,1.0,2.0,41,301,15,4,0,3,0,0.027,2.0,1.0,0.0,1.0,2
24.0,22.5,529.31,1.0,3.29,3.89,3.67,6.67,3.33,0.33,444,0,0,100,0,752,1,515,583,0,0,1.0,2.0,6.0,2.0,0.0,4.0,35,259,16,13,1,0,0,0.023,4.0,0.0,0.0,1.0,2
72.0,7.4,273.15,1.0,3.65,1.11,4.0,6.75,2.75,0.25,2543,0,360,1612,450,4818,211,128,481,0,398,4.0,1.0,4.0,4.0,0.0,2.0,68,302,14,7,0,1,4,0.029,2.88,1.0,0.0,1.0,2
21.6,0.0,258.05,1.0,3.5,3.78,3.5575301453971138,7.67,3.0,0.0,0,0,0,0,0,309,250,0,1317,0,0,0.0,0.0,0.0,0.0,0.0,0.0,16,52,4,4,0,0,0,0.027,3.0,0.0,0.0,1.0,2
24.0,22.5,249.03,0.0,2.81,2.78,4.0,6.8,3.0,0.4,2768,2629,0,9035,0,5567,1214,3864,2837,0,2536,0.0,0.0,1.0,6.0,0.0,0.0,39,290,28,2,4,1,1,0.027,3.0,3.0,0.0,1.0,2
24.0,22.5,439.05,1.0,3.93,3.92,4.0,0.0,0.0,0.0,323,0,0,0,3,497,0,0,0,0,0,1.0,1.0,7.0,7.0,0.0,1.0,58,294,23,8,0,1,0,0.027,2.25,0.0,0.0,1.0,0
18.6,22.5,243.77,1.0,3.5,3.78,3.5575301453971138,0.0,0.0,0.0,0,0,0,0,0,58,0,124,0,0,0,1.0,2.0,2.0,2.0,1.0,2.0,26,160,0,0,0,0,0,0.027,2.25,0.0,0.0,1.0,0
24.0,22.5,253.3,0.0,3.5,3.78,3.5575301453971138,6.33,3.67,0.67,0,549,0,0,18,44,0,0,49,0,0,1.0,2.0,2.0,2.0,1.0,2.0,13,94,0,0,0,0,0,0.027,2.0,1.0,0.0,1.0,2
24.0,22.5,160.17,0.0,3.5,3.78,3.5575301453971138,8.0,4.0,0.0,0,31,0,0,18,4,0,0,31,0,0,1.0,2.0,2.0,2.0,1.0,2.0,13,94,0,0,0,0,0,0.027,4.0,1.0,0.0,1.0,2
14.4,22.5,369.26,0.0,2.77,3.33,3.67,7.75,3.5,0.25,0,0,0,98,0,0,0,0,0,0,0,1.0,1.0,1.0,8.0,0.0,4.0,22,152,1,0,0,0,0,0.027,3.67,1.0,0.0,1.0,2
44.6,0.74,479.04,2.0,3.52,3.56,3.67,7.1,3.1,1.0,0,0,57,1689,2,1194,577,993,0,0,0,0.0,6.0,0.0,3.0,0.0,0.0,56,302,10,2,0,1,31,0.023,2.64,0.0,0.0,1.0,2
24.0,22.5,389.12,1.0,3.95,3.78,3.33,6.5,3.0,1.0,0,273,0,8591,0,7288,53,0,0,2431,0,0.0,5.0,4.0,1.0,0.0,3.0,70,301,20,4,0,6,2,0.025,3.75,1.0,0.0,1.0,2
11.6,22.5,199.14,1.0,3.5,3.78,3.5575301453971138,5.0,3.0,1.0,0,0,0,0,0,58,0,124,0,0,0,1.0,2.0,2.0,2.0,1.0,2.0,26,160,0,0,0,0,0,0.027,3.0,0.0,0.0,1.0,2
24.0,22.5,269.86,0.0,3.5,3.78,3.5575301453971138,7.83,3.83,0.0,0,385,0,0,0,2347,2038,0,0,0,0,1.0,2.0,2.0,2.0,1.0,2.0,30,71,0,0,0,0,5,0.027,3.0,0.0,0.0,1.0,2
21.4,0.0,81.42,1.0,3.5,3.78,3.5575301453971138,7.0,3.4,0.8,0,0,0,10,0,649,0,0,0,0,0,0.0,0.0,0.0,0.0,0.0,0.0,18,21,1,0,0,0,0,0.029,3.0,1.0,0.0,1.0,2
24.0,22.5,232.28,0.0,3.5,3.78,3.5575301453971138,0.0,0.0,0.0,0,0,0,113,0,60,0,13,0,0,0,1.0,2.0,2.0,2.0,1.0,2.0,66,226,2,0,0,0,0,0.025,3.0,3.0,0.0,1.0,0
24.0,22.5,501.63,2.0,3.29,3.89,3.67,7.0,2.83,0.0,751,0,0,100,0,1158,1,1081,583,0,0,0.0,1.0,2.0,5.0,2.0,7.0,35,259,16,13,1,0,2,0.023,3.33,0.0,0.0,1.0,2
11.2,22.5,225.65,1.0,3.5,3.78,3.5575301453971138,6.5,3.5,0.5,0,0,0,0,137,19,4,0,0,0,0,0.0,0.0,0.0,0.0,0.0,0.0,12,88,1,0,0,0,1,0.027,1.0,0.0,0.0,1.0,3
24.0,0.0,269.14,1.0,3.5,3.78,3.5575301453971138,6.0,4.0,0.0,0,0,0,50,0,196,280,108,0,0,0,1.0,2.0,2.0,2.0,1.0,2.0,49,322,39,0,8,14,0,0.029,4.0,0.0,0.0,1.0,2
45.0,18.39,297.92,3.0,3.52,3.56,3.67,4.75,2.25,2.0,0,0,57,372,2,457,87,234,0,0,0,0.0,2.0,2.0,0.0,0.0,3.0,56,302,10,2,0,1,5,0.023,3.71,0.0,0.0,1.0,2
21.2,0.56,161.36,1.0,2.4,1.0,0.0,9.0,4.0,0.75,0,0,0,0,0,129,0,0,0,0,0,1.0,2.0,2.0,2.0,1.0,2.0,42,208,0,0,0,0,0,0.029,3.67,1.0,0.0,1.0,2
24.0,0.0,178.03,1.0,3.5,3.78,3.5575301453971138,7.25,3.5,0.0,0,0,0,77,0,197,282,108,0,0,0,1.0,2.0,2.0,2.0,1.0,2.0,49,322,39,0,8,14,1,0.029,3.43,0.0,0.0,1.0,2
23.8,0.0,395.83,0.0,3.5,3.78,3.5575301453971138,6.4,2.8,2.0,0,0,0,1945,0,3100,0,92,0,123,0,1.0,2.0,2.0,2.0,1.0,2.0,40,292,0,0,0,0,5,0.029,3.17,1.0,0.0,1.0,2
15.6,22.5,223.81,1.0,3.5,3.78,3.5575301453971138,8.0,4.0,0.0,0,138,0,0,117,0,0,55,0,0,0,1.0,2.0,2.0,2.0,1.0,2.0,7,33,0,0,0,0,0,0.027,1.0,0.0,0.0,1.0,3
22.2,22.5,293.06,1.0,3.65,3.78,4.0,8.4,3.2,0.0,0,0,0,0,0,68,374,0,0,0,0,1.0,2.0,2.0,2.0,1.0,2.0,72,236,27,15,0,2,0,0.027,4.0,1.0,0.0,1.0,2
24.6,0.57,202.57,1.0,3.5,3.78,3.5575301453971138,7.4,3.0,0.0,0,0,0,0,0,1337,285,137,3279,0,0,0.0,0.0,0.0,0.0,0.0,0.0,16,52,4,4,0,0,1,0.027,3.62,0.0,0.0,1.0,2
0.0,0.0,0.0,2.0,2.99,3.22,3.33,0.0,0.0,0.0,0,0,0,0,0,0,0,0,0,0,0,3.0,3.0,0.0,0.0,0.0,2.0,27,149,4,0,0,0,0,0.025,2.25,1.0,0.0,1.0,0
23.2,0.06,232.95,1.0,3.5,3.78,3.5575301453971138,7.0,2.67,0.67,0,0,0,218,0,734,0,0,0,0,0,1.0,2.0,2.0,2.0,1.0,2.0,14,120,10,0,0,9,0,0.029,2.25,1.0,0.0,1.0,2
0.4,0.0,3.63,0.0,3.5,3.78,3.5575301453971138,0.0,0.0,0.0,552,34,0,4,625,3321,540,163,207,0,16,1.0,2.0,2.0,2.0,1.0,2.0,70,399,620,1,93,79,0,0.023,2.25,1.0,0.0,1.0,0
21.8,22.5,213.52,1.0,3.72,3.33,3.0,0.0,0.0,0.0,0,0,0,77,4,1877,0,0,0,1712,0,3.0,1.0,1.0,3.0,0.0,0.0,66,299,7,1,0,1,0,0.027,2.5,1.0,0.0,1.0,0
22.6,0.0,110.05,2.0,3.5,3.78,3.5575301453971138,0.0,0.0,0.0,0,0,0,51,0,266,0,0,0,0,0,1.0,2.0,2.0,2.0,1.0,2.0,14,120,10,0,0,9,0,0.029,2.25,1.0,0.0,1.0,0
37.6,0.07,399.56,2.0,3.39,2.67,4.0,7.83,2.5,0.0,0,4,0,505,0,343,2,0,0,0,0,1.0,7.0,3.0,1.0,0.0,0.0,50,299,17,3,1,3,3,0.027,3.8,1.0,0.0,1.0,2
24.0,22.5,476.9,0.0,3.03,3.5,4.0,6.43,2.86,0.0,0,0,0,0,0,1234,0,0,0,0,0,5.0,3.0,14.0,2.0,0.0,0.0,27,101,1,1,0,0,3,0.023,3.29,1.0,0.0,1.0,2
39.8,4.27,45.81,0.0,3.5,4.0,4.0,7.67,3.0,0.0,440,66,0,789,0,4489,369,0,1933,0,0,3.0,3.0,5.0,2.0,0.0,0.0,57,299,0,0,0,0,1,0.023,2.5,1.0,0.0,1.0,3
36.2,2.91,370.2,0.0,3.65,1.11,4.0,7.5,4.0,0.0,1202,0,360,889,450,1998,174,128,0,0,398,5.0,0.0,3.0,2.0,0.0,4.0,68,302,14,7,0,1,0,0.029,5.0,1.0,0.0,1.0,2
35.2,26.37,339.76,0.0,3.5,3.78,3.5575301453971138,7.4,2.8,0.0,0,0,0,0,1,343,51,0,0,0,0,1.0,2.0,2.0,2.0,1.0,2.0,20,135,2,0,0,0,0,0.027,3.33,1.0,0.0,1.0,2
25.6,1.26,151.46,0.0,3.52,3.56,3.67,5.67,2.67,0.67,0,0,57,1911,2,1288,647,1204,0,0,0,1.0,7.0,2.0,1.0,0.0,0.0,56,302,10,2,0,1,11,0.023,2.64,0.0,0.0,1.0,2
24.0,22.5,278.63,3.0,2.81,2.78,4.0,7.4,2.8,0.0,1904,1528,0,6314,0,4175,248,2632,2069,0,1851,0.0,0.0,1.0,4.0,0.0,0.0,39,290,28,2,4,1,0,0.027,3.0,3.0,0.0,1.0,2
20.0,22.5,288.37,0.0,3.37,4.0,4.0,7.33,2.0,0.67,931,0,0,877,500,133,47,6,0,0,0,1.0,4.0,5.0,0.0,0.0,1.0,41,201,3,0,0,0,4,0.023,4.33,2.0,0.0,1.0,2
15.4,22.5,347.67,0.0,2.77,3.33,3.67,0.0,0.0,0.0,0,0,0,93,0,0,0,0,0,0,0,0.0,0.0,1.0,8.0,0.0,2.0,22,152,1,0,0,0,0,0.027,2.25,1.0,0.0,1.0,0
24.0,22.5,147.92,0.0,3.68,3.78,4.0,7.67,3.67,0.0,0,0,0,0,0,511,1451,0,0,0,0,0.0,5.0,6.0,1.0,1.0,1.0,67,301,1,0,0,0,2,0.023,2.0,0.0,0.0,1.0,3
18.8,22.5,39.33,0.0,3.65,3.78,4.0,0.0,0.0,0.0,0,0,0,0,0,68,374,0,0,0,0,1.0,2.0,2.0,2.0,1.0,2.0,72,236,27,15,0,2,0,0.027,2.25,1.0,0.0,1.0,0
24.0,22.5,121.29,1.0,3.95,3.78,3.33,10.0,3.67,1.33,0,0,0,2027,0,2557,53,0,0,1006,0,3.0,1.0,2.0,2.0,0.0,8.0,70,301,20,4,0,6,1,0.025,3.67,1.0,0.0,1.0,2
16.8,22.5,234.88,1.0,3.79,4.0,4.0,7.0,2.0,0.0,0,0,0,0,0,1543,0,0,0,0,0,0.0,6.0,0.0,0.0,0.0,0.0,43,257,27,13,0,0,0,0.029,3.0,0.0,0.0,1.0,2
154.2,477.27,22.83,3.0,3.62,3.78,4.0,0.0,0.0,0.0,304,0,0,0,0,3443,290,61,0,0,120,0.0,6.0,4.0,1.0,0.0,1.0,60,244,10,3,1,1,1,0.029,2.25,0.0,0.0,1.0,3
24.0,22.5,34.98,2.0,3.5,3.78,3.5575301453971138,7.0,3.0,0.0,0,0,0,0,0,0,0,0,0,0,0,1.0,2.0,2.0,2.0,1.0,2.0,47,262,30,15,2,6,0,0.023,3.4,1.0,0.0,1.0,2
10.6,22.5,184.15,2.0,2.77,3.33,3.67,0.0,0.0,0.0,0,0,0,21,0,0,0,0,0,0,0,0.0,0.0,0.0,11.0,0.0,0.0,22,152,1,0,0,0,0,0.027,2.25,1.0,0.0,1.0,0
23.0,22.5,176.04,1.0,3.5,3.78,3.5575301453971138,5.0,2.0,2.0,0,0,0,0,137,19,4,0,0,0,0,0.0,0.0,0.0,0.0,0.0,0.0,12,88,1,0,0,0,0,0.027,2.33,0.0,0.0,1.0,3
26.4,0.0,254.18,1.0,3.5,3.78,3.5575301453971138,0.0,0.0,0.0,449,0,0,4,5,1403,133,23,207,0,16,1.0,2.0,2.0,2.0,1.0,2.0,70,399,620,1,93,79,0,0.023,2.25,1.0,0.0,1.0,0
27.6,0.83,270.04,2.0,3.5,3.78,3.5575301453971138,0.0,0.0,0.0,21,0,0,0,0,1461,21,757,0,0,0,1.0,2.0,2.0,2.0,1.0,2.0,41,301,15,4,0,3,0,0.027,2.25,0.0,0.0,1.0,0
10.8,0.0,56.53,0.0,3.5,3.78,3.5575301453971138,0.0,0.0,0.0,0,0,0,10,0,649,0,0,0,0,0,0.0,0.0,0.0,0.0,0.0,0.0,18,21,1,0,0,0,0,0.029,3.0,1.0,0.0,1.0,0
19.6,22.5,184.65,1.0,3.79,4.0,4.0,6.0,3.0,0.0,0,0,0,0,0,2039,0,0,0,0,0,0.0,9.0,0.0,0.0,0.0,0.0,43,257,27,13,0,0,0,0.029,3.0,0.0,0.0,1.0,2
24.0,22.5,162.0,3.0,3.47,3.33,3.33,6.8,3.6,0.8,345,0,0,0,0,1459,0,0,0,0,0,3.0,2.0,1.0,0.0,0.0,3.0,48,278,6,3,1,0,1,0.023,3.0,2.0,0.0,1.0,2
61.6,5.88,120.16,3.0,3.34,3.44,4.0,5.75,3.25,0.0,235,0,0,200,0,1168,39,214,0,0,0,1.0,3.0,1.0,1.0,3.0,3.0,33,147,3,1,0,0,0,0.029,2.5,1.0,0.0,1.0,2
343.6,43.23,202.54,0.0,3.39,2.67,4.0,8.0,3.5,0.0,0,5,0,1308,0,767,27,45,0,0,0,0.0,2.0,4.0,2.0,0.0,1.0,50,299,17,3,1,3,1,0.027,1.67,0.0,0.0,1.0,2
23.6,8.49,161.85,1.0,3.5,3.78,3.5575301453971138,7.5,3.38,0.0,909,0,0,0,0,4315,935,327,668,0,303,1.0,2.0,2.0,2.0,1.0,2.0,49,162,144,0,67,22,6,0.023,3.36,1.0,0.0,1.0,2
22.8,22.5,110.09,0.0,3.48,3.33,4.0,6.5,3.0,1.5,0,0,0,0,0,97,0,0,0,0,0,1.0,2.0,2.0,2.0,1.0,2.0,57,306,26,11,2,4,1,0.025,3.0,1.0,0.0,1.0,2
48.2,1.98,271.44,2.0,3.34,3.44,4.0,0.0,0.0,0.0,0,0,0,0,0,57,7,0,0,0,0,2.0,3.0,3.0,2.0,2.0,4.0,33,147,3,1,0,0,0,0.029,2.25,1.0,0.0,1.0,0
24.0,22.5,197.43,1.0,3.48,3.33,4.0,4.33,2.56,1.11,0,0,0,0,0,97,0,0,0,0,0,1.0,2.0,2.0,2.0,1.0,2.0,57,306,26,11,2,4,1,0.025,5.0,1.0,0.0,1.0,2
19.6,22.5,111.13,0.0,3.5,3.78,3.5575301453971138,8.0,3.0,0.0,0,2,0,165,0,153,2,17,0,0,0,1.0,2.0,2.0,2.0,1.0,2.0,66,226,2,0,0,0,2,0.025,3.2,2.0,0.0,1.0,2
24.0,22.5,221.14,1.0,3.5,3.78,3.5575301453971138,7.25,2.5,0.75,0,0,0,135,0,89,0,15,0,0,0,1.0,2.0,2.0,2.0,1.0,2.0,66,226,2,0,0,0,1,0.025,3.0,2.0,0.0,1.0,2
24.0,2.16,381.24,0.0,3.5,3.78,3.5575301453971138,7.4,3.6,0.0,0,0,0,0,1,295,30,0,0,0,0,1.0,2.0,2.0,2.0,1.0,2.0,20,135,2,0,0,0,0,0.027,2.2,1.0,0.0,1.0,2
24.0,22.5,426.53,1.0,3.81,3.78,3.67,0.0,0.0,0.0,409,0,0,212,0,696,0,341,0,0,0,3.0,6.0,1.0,2.0,0.0,3.0,36,171,20,4,3,4,0,0.023,2.25,0.0,0.0,1.0,0
20.4,22.5,366.04,0.0,3.5,3.78,3.5575301453971138,7.0,4.0,0.0,0,0,0,0,0,269,53,124,0,0,0,1.0,2.0,2.0,2.0,1.0,2.0,26,160,0,0,0,0,0,0.027,2.5,0.0,0.0,1.0,2
19.2,22.5,267.52,1.0,3.47,3.33,3.33,5.6,3.2,0.6,1160,0,0,0,0,2387,0,0,0,0,0,3.0,3.0,0.0,1.0,0.0,3.0,48,278,6,3,1,0,1,0.023,3.0,2.0,0.0,1.0,2
24.0,22.5,390.67,0.0,3.03,3.5,4.0,6.57,2.71,0.0,0,0,0,0,0,1242,0,0,0,0,0,2.0,5.0,11.0,2.0,0.0,2.0,27,101,1,1,0,0,1,0.023,3.4,1.0,0.0,1.0,2
21.0,22.5,443.49,0.0,3.81,3.78,3.67,0.0,0.0,0.0,608,255,0,1047,0,2209,0,346,0,0,0,2.0,3.0,4.0,2.0,0.0,3.0,36,171,20,4,3,4,0,0.023,2.25,0.0,0.0,1.0,0
19.6,22.5,395.7,1.0,3.5,3.78,3.5575301453971138,7.0,4.0,0.0,0,138,0,62,117,0,0,88,0,0,0,1.0,2.0,2.0,2.0,1.0,2.0,7,33,0,0,0,0,0,0.027,1.75,1.0,0.0,1.0,2
19.2,22.5,193.18,1.0,3.5,3.78,3.5575301453971138,0.0,0.0,0.0,0,0,0,0,137,19,0,0,0,0,0,0.0,0.0,0.0,0.0,0.0,0.0,12,88,1,0,0,0,0,0.027,2.25,0.0,0.0,1.0,0
24.0,22.5,55.3,4.0,3.95,3.78,3.33,6.0,3.2,2.8,0,0,0,3492,0,3942,53,0,0,1324,0,3.0,2.0,0.0,3.0,0.0,10.0,70,301,20,4,0,6,2,0.025,4.4,1.0,0.0,1.0,2
298.0,34.57,89.11,0.0,3.34,3.44,4.0,5.0,2.0,1.0,407,330,0,429,0,2099,40,264,0,0,182,0.0,5.0,2.0,0.0,4.0,2.0,33,147,3,1,0,0,0,0.029,3.0,1.0,0.0,1.0,2
23.4,22.5,160.38,3.0,3.37,4.0,4.0,7.0,2.8,0.0,742,0,0,877,500,133,0,6,0,0,0,4.0,4.0,5.0,0.0,0.0,0.0,41,201,3,0,0,0,0,0.023,4.18,2.0,0.0,1.0,2
43.0,4.1,518.2,3.0,3.52,3.56,3.67,5.67,2.67,1.0,0,0,57,835,2,643,94,265,0,0,0,1.0,3.0,2.0,3.0,0.0,5.0,56,302,10,2,0,1,21,0.023,2.6,0.0,0.0,1.0,2
23.6,22.5,401.3,3.0,3.95,3.78,3.33,7.4,3.4,1.4,0,0,0,7669,0,6102,53,0,0,1829,0,0.0,5.0,6.0,0.0,0.0,7.0,70,301,20,4,0,6,0,0.025,3.78,1.0,0.0,1.0,2
18.6,22.5,183.89,0.0,3.93,3.92,4.0,8.0,4.0,0.0,2021,0,0,1076,438,1322,224,576,0,0,0,0.0,4.0,5.0,6.0,0.0,3.0,58,294,23,8,0,1,0,0.027,2.5,0.0,0.0,1.0,2
58.2,2.92,579.64,1.0,3.65,1.11,4.0,6.83,2.83,0.17,2272,0,360,1612,450,4114,211,128,216,0,398,5.0,0.0,2.0,4.0,0.0,2.0,68,302,14,7,0,1,1,0.029,3.44,1.0,0.0,1.0,2
15.8,22.5,145.65,0.0,3.72,3.33,3.0,5.0,1.0,1.0,0,0,0,77,4,3445,33,6,0,3023,0,5.0,0.0,3.0,3.0,0.0,1.0,66,299,7,1,0,1,0,0.027,3.5,0.0,0.0,1.0,0
16.8,22.5,79.83,2.0,3.5,3.78,3.5575301453971138,0.0,0.0,0.0,0,0,0,0,0,696,0,0,0,0,0,0.0,0.0,0.0,0.0,0.0,0.0,63,181,2,0,0,0,0,0.025,2.25,2.0,0.0,1.0,0
24.0,22.5,391.0,1.0,2.81,2.78,4.0,7.6,3.4,0.2,2408,1909,0,7235,0,4847,494,3197,2497,0,2176,1.0,0.0,0.0,8.0,0.0,1.0,39,290,28,2,4,1,0,0.027,2.29,3.0,0.0,1.0,2
24.0,22.5,195.98,2.0,3.47,3.33,3.33,5.43,2.43,1.29,1065,0,0,0,0,2179,0,0,0,0,0,3.0,2.0,2.0,5.0,0.0,7.0,48,278,6,3,1,0,3,0.023,3.0,2.0,0.0,1.0,2
24.0,22.5,25.96,0.0,3.5,3.78,3.5575301453971138,14.0,3.0,0.0,0,0,0,0,0,0,0,0,0,0,0,1.0,2.0,2.0,2.0,1.0,2.0,47,262,30,15,2,6,0,0.023,3.0,1.0,0.0,1.0,3
23.6,22.5,504.55,1.0,2.86,1.78,3.0,7.25,3.25,0.75,0,0,0,1464,0,169,2,0,0,305,0,0.0,1.0,1.0,10.0,0.0,1.0,29,299,5,1,1,0,5,0.023,2.0,1.0,0.0,1.0,2
20.8,22.5,447.67,1.0,3.79,4.0,4.0,8.0,3.0,0.0,0,0,0,0,0,3836,0,1,0,0,0,0.0,6.0,0.0,0.0,0.0,0.0,43,257,27,13,0,0,1,0.029,4.8,0.0,0.0,1.0,2
24.0,22.5,181.51,0.0,3.81,3.78,3.67,8.0,3.5,0.0,680,480,0,1394,0,2691,125,346,0,0,0,1.0,3.0,4.0,1.0,0.0,3.0,36,171,20,4,3,4,0,0.023,2.0,0.0,0.0,1.0,3
0.0,0.0,0.0,2.0,3.5,3.78,3.5575301453971138,0.0,0.0,0.0,0,0,0,0,0,202,0,0,0,0,0,1.0,2.0,2.0,2.0,1.0,2.0,14,120,10,0,0,9,0,0.029,2.25,1.0,0.0,1.0,0
24.0,22.5,171.47,0.0,3.95,3.78,3.33,8.0,3.67,0.0,0,571,0,9436,0,8380,189,73,0,2562,0,0.0,2.0,10.0,2.0,0.0,3.0,70,301,20,4,0,6,2,0.025,2.8,1.0,0.0,1.0,2
24.0,22.5,352.59,2.0,3.47,4.0,4.0,7.33,3.17,0.0,788,24,0,0,0,3342,34,537,0,0,0,0.0,3.0,0.0,5.0,0.0,0.0,43,201,12,1,0,0,1,0.025,1.88,1.0,0.0,1.0,2
24.0,22.5,6.34,0.0,3.47,4.0,4.0,8.0,4.0,0.0,70,24,0,0,0,1614,0,69,0,0,0,0.0,2.0,0.0,3.0,0.0,0.0,43,201,12,1,0,0,1,0.025,1.5,1.0,0.0,1.0,3
24.6,17.58,213.53,0.0,3.5,3.78,3.5575301453971138,0.0,0.0,0.0,552,34,0,4,108,2685,540,23,207,0,16,1.0,2.0,2.0,2.0,1.0,2.0,70,399,620,1,93,79,0,0.023,2.25,1.0,0.0,1.0,0
18.2,22.5,30.99,1.0,3.5,3.78,3.5575301453971138,0.0,0.0,0.0,0,0,0,0,0,58,0,0,0,0,0,1.0,2.0,2.0,2.0,1.0,2.0,9,29,3,1,2,0,0,0.027,2.25,0.0,0.0,1.0,0
84.4,4.53,183.3,1.0,3.34,3.44,4.0,5.0,2.0,1.0,407,0,0,429,0,1725,39,264,0,0,182,1.0,5.0,0.0,2.0,3.0,3.0,33,147,3,1,0,0,0,0.029,3.4,1.0,0.0,1.0,2
14.6,22.5,63.49,2.0,3.5,3.78,3.5575301453971138,0.0,0.0,0.0,0,0,0,0,0,1057,0,0,0,0,0,0.0,0.0,0.0,0.0,0.0,0.0,63,181,2,0,0,0,0,0.025,2.25,2.0,0.0,1.0,0
24.0,22.5,228.68,1.0,3.48,3.33,4.0,5.2,2.4,1.6,0,0,0,0,0,97,0,0,0,0,0,1.0,2.0,2.0,2.0,1.0,2.0,57,306,26,11,2,4,0,0.025,4.75,2.0,0.0,1.0,2
34.8,3.75,277.93,0.0,3.5,3.78,3.5575301453971138,0.0,0.0,0.0,161,0,0,0,0,1913,256,1220,0,0,0,1.0,2.0,2.0,2.0,1.0,2.0,41,301,15,4,0,3,0,0.027,2.25,0.0,0.0,1.0,0
19.2,22.5,311.6,1.0,3.37,4.0,4.0,7.2,3.0,0.4,1706,0,0,1486,500,133,66,10,0,0,0,2.0,4.0,9.0,0.0,1.0,0.0,41,201,3,0,0,0,2,0.023,3.75,1.0,0.0,1.0,2
4.4,22.5,66.67,2.0,3.89,3.92,4.0,8.0,4.0,0.0,80,0,0,2736,0,1324,0,88,0,0,0,0.0,2.0,0.0,0.0,0.0,0.0,64,226,14,4,0,1,0,0.025,2.25,1.0,0.0,1.0,3
24.0,22.5,203.98,1.0,3.89,3.92,4.0,8.0,3.8,0.0,1074,0,0,4521,0,3013,0,101,0,0,0,0.0,8.0,0.0,0.0,0.0,0.0,64,226,14,4,0,1,10,0.025,3.15,1.0,0.0,1.0,2
24.0,22.5,533.97,2.0,3.93,3.92,4.0,6.5,3.25,0.0,955,0,0,183,3,570,183,183,0,0,0,1.0,0.0,6.0,3.0,0.0,1.0,58,294,23,8,0,1,1,0.027,3.5,0.0,0.0,1.0,2
0.2,22.5,2.28,0.0,2.77,3.33,3.67,0.0,0.0,0.0,0,0,0,0,0,0,0,0,0,0,0,1.0,1.0,0.0,5.0,0.0,3.0,22,152,1,0,0,0,0,0.027,2.25,1.0,0.0,1.0,0
11.0,22.5,120.36,2.0,3.5,3.78,3.5575301453971138,0.0,0.0,0.0,0,0,0,0,0,1057,0,0,0,0,0,0.0,0.0,0.0,0.0,0.0,0.0,63,181,2,0,0,0,0,0.025,2.25,2.0,0.0,1.0,0
24.0,22.5,228.53,1.0,3.5,3.78,3.5575301453971138,6.67,3.0,0.0,0,295,0,0,18,4,0,0,46,0,0,1.0,2.0,2.0,2.0,1.0,2.0,13,94,0,0,0,0,0,0.027,3.5,1.0,0.0,1.0,2
10.4,0.0,51.04,0.0,3.5,3.78,3.5575301453971138,0.0,0.0,0.0,0,0,0,7,0,391,0,0,0,0,0,0.0,0.0,1.0,0.0,0.0,0.0,18,21,1,0,0,0,0,0.029,2.25,0.0,0.0,1.0,0
24.0,22.5,190.43,0.0,3.48,3.33,4.0,6.75,2.25,0.5,0,0,0,0,0,97,0,0,0,0,0,1.0,2.0,2.0,2.0,1.0,2.0,57,306,26,11,2,4,0,0.025,4.0,1.0,0.0,1.0,2
17.6,22.5,117.99,0.0,3.5,3.78,3.5575301453971138,0.0,0.0,0.0,0,0,0,0,137,19,0,0,0,0,0,0.0,0.0,0.0,0.0,0.0,0.0,12,88,1,0,0,0,0,0.027,2.5,0.0,0.0,1.0,0
76.6,9.71,221.78,0.0,3.5,4.0,4.0,0.0,0.0,0.0,27,27,0,133,0,1238,0,0,461,0,0,0.0,4.0,2.0,3.0,0.0,1.0,57,299,0,0,0,0,0,0.023,3.0,0.0,0.0,1.0,0
22.4,22.5,484.61,2.0,3.83,3.89,4.0,7.6,2.2,0.4,64,0,0,304,0,530,0,0,0,0,0,2.0,6.0,3.0,0.0,1.0,1.0,51,299,5,2,0,0,0,0.027,2.5,0.0,0.0,1.0,2
40.0,2.75,358.06,1.0,3.39,2.67,4.0,7.2,3.4,0.0,0,5,0,1065,0,762,27,45,0,0,0,2.0,4.0,2.0,5.0,1.0,1.0,50,299,17,3,1,3,2,0.027,2.25,0.0,0.0,1.0,2
23.8,22.5,101.18,2.0,3.5,3.78,3.5575301453971138,7.4,3.8,2.8,0,0,0,0,0,1253,0,0,0,0,0,1.0,2.0,2.0,2.0,1.0,2.0,30,71,0,0,0,0,1,0.027,2.86,0.0,0.0,1.0,2
21.6,22.5,402.27,1.0,3.47,3.33,3.33,0.0,0.0,0.0,210,0,0,0,0,1154,0,0,0,0,0,0.0,1.0,1.0,0.0,0.0,5.0,48,278,6,3,1,0,0,0.023,5.0,2.0,0.0,1.0,0
24.0,0.0,57.22,1.0,3.5,3.78,3.5575301453971138,6.25,4.0,0.0,0,0,0,0,0,0,0,0,0,0,0,1.0,2.0,2.0,2.0,1.0,2.0,20,135,2,0,0,0,0,0.027,3.75,1.0,0.0,1.0,2
24.0,2.61,196.25,1.0,3.5,3.78,3.5575301453971138,7.0,3.25,0.5,0,0,0,77,0,197,282,108,0,0,0,1.0,2.0,2.0,2.0,1.0,2.0,49,322,39,0,8,14,0,0.029,3.0,0.0,0.0,1.0,2
24.0,22.5,455.69,1.0,3.81,3.78,3.67,0.0,0.0,0.0,166,0,0,212,0,490,0,341,0,0,0,1.0,5.0,1.0,2.0,0.0,3.0,36,171,20,4,3,4,0,0.023,2.25,0.0,0.0,1.0,0
22.6,22.5,425.08,2.0,3.93,3.92,4.0,7.5,3.5,0.0,683,0,0,0,3,497,0,0,0,0,0,1.0,3.0,6.0,8.0,0.0,5.0,58,294,23,8,0,1,0,0.027,2.0,0.0,0.0,1.0,2
5.8,22.5,90.56,0.0,3.5,3.78,3.5575301453971138,0.0,0.0,0.0,0,0,0,0,117,0,0,0,0,0,0,1.0,2.0,2.0,2.0,1.0,2.0,7,33,0,0,0,0,0,0.027,2.25,0.0,0.0,1.0,0
24.0,22.5,302.79,2.0,3.47,4.0,4.0,7.0,3.0,1.0,371,24,0,0,0,2175,0,327,0,0,0,0.0,3.0,0.0,4.0,0.0,0.0,43,201,12,1,0,0,0,0.025,2.0,1.0,0.0,1.0,2
36.8,0.0,424.05,0.0,3.39,2.67,4.0,7.5,3.25,0.25,0,4,0,690,0,563,2,0,0,0,0,1.0,4.0,5.0,2.0,0.0,1.0,50,299,17,3,1,3,2,0.027,2.71,0.0,0.0,1.0,2
24.0,22.5,289.13,1.0,3.37,4.0,4.0,7.2,2.6,0.0,1393,0,0,1141,500,133,66,6,0,0,0,1.0,7.0,4.0,0.0,0.0,1.0,41,201,3,0,0,0,1,0.023,3.56,2.0,0.0,1.0,2
62.8,5.52,481.76,3.0,3.71,3.33,4.0,6.0,3.0,0.0,0,0,0,0,0,2628,976,0,0,0,0,4.0,2.0,4.0,2.0,1.0,2.0,67,308,45,22,0,5,1,0.023,3.38,1.0,0.0,1.0,2
24.0,22.5,518.67,0.0,3.83,3.89,4.0,9.0,3.33,0.33,224,0,0,990,0,1680,0,0,0,0,0,1.0,3.0,0.0,0.0,0.0,0.0,51,299,5,2,0,0,1,0.027,2.5,0.0,0.0,1.0,2
35.0,45.0,75.0,9.0,3.5,96.0,3.603834779213904,6.5,2.0,1.0,2,2,0,0,1,1,1,0,1,0,1,3.0,1.0,2.0,0.0,4.0,1.0,1,3,8,3,7,9,6,0.1825577980786469,2.0,3.5,1.0,1.0,3
24.0,45.0,75.0,1.0,3.5,96.0,3.843576383426113,9.0,3.0,2.0,2,1,1,1,2,0,0,2,2,1,1,3.0,2.0,3.0,2.0,1.0,3.0,8,5,0,0,9,1,1,0.3662820293248549,1.0,3.5,1.0,1.0,3
24.0,22.5,75.0,1.0,3.5,96.0,2.635425076370853,9.0,2.0,0.0,2,0,0,1,2,1,0,2,2,0,0,2.0,2.0,4.0,3.0,1.0,4.0,7,9,0,7,8,3,7,0.8507426922391051,2.25,3.5,0.0,1.0,3
35.0,45.0,75.0,1.0,3.5,96.0,3.243963427656787,6.5,2.0,1.0,0,2,2,0,2,2,2,1,1,0,2,4.0,2.0,2.0,4.0,0.0,4.0,1,4,7,6,6,9,5,0.08516879789172016,2.25,3.5,1.0,1.0,3
35.0,22.5,75.0,1.0,3.5,3.78,3.690328251975022,6.5,2.0,0.0,1,0,0,1,1,2,0,0,2,2,2,0.0,3.0,3.0,3.0,3.0,1.0,0,0,3,2,3,4,5,0.4663658639542559,2.0,1.0,0.0,1.0,3
24.0,22.5,45.0,1.0,3.5,3.78,2.634242280608233,9.0,3.0,1.0,1,2,0,0,0,2,2,1,1,1,0,4.0,0.0,3.0,0.0,1.0,3.0,8,7,8,9,6,2,7,0.8008046215172402,2.0,1.0,0.0,1.0,3
35.0,22.5,45.0,1.0,3.5,96.0,3.299483492394371,6.5,2.0,1.0,0,0,0,1,1,2,1,2,1,2,0,3.0,3.0,1.0,3.0,4.0,4.0,2,2,2,7,8,5,2,0.7949291934305932,2.0,1.0,1.0,1.0,3
35.0,22.5,22.5,1.0,3.5,3.78,2.832704230521626,6.5,2.0,2.0,0,2,1,0,1,1,2,2,2,2,2,1.0,3.0,4.0,4.0,2.0,0.0,6,4,2,7,2,2,4,0.8199192812654593,2.25,3.5,1.0,1.0,3
10.0,22.5,75.0,9.0,3.5,3.78,3.635346218704828,6.5,2.0,2.0,1,2,0,2,0,1,1,1,2,1,0,4.0,1.0,2.0,2.0,0.0,2.0,2,4,5,2,8,2,5,0.9159828156234169,2.0,0.0,1.0,1.0,3
10.0,22.5,45.0,1.0,3.5,3.78,3.752116282726186,9.0,2.0,1.0,2,0,1,2,0,2,2,1,1,0,2,3.0,4.0,3.0,3.0,0.0,0.0,5,4,5,7,4,1,1,0.6970776674403392,2.25,1.0,1.0,1.0,3
24.0,22.5,75.0,1.0,3.5,3.78,2.628623570969168,6.5,3.0,0.0,0,1,1,2,0,2,0,1,0,1,0,3.0,0.0,3.0,0.0,0.0,4.0,3,6,8,3,8,5,4,0.1061381411286594,2.0,3.5,0.0,0.0,1
35.0,22.5,22.5,1.0,3.5,3.78,2.530327622485424,6.5,3.0,1.0,0,1,0,2,1,2,1,2,0,1,1,4.0,4.0,2.0,4.0,4.0,1.0,8,8,0,1,8,4,5,0.8041069920917566,2.25,3.5,1.0,1.0,3
10.0,22.5,22.5,1.0,3.5,3.78,3.035750934953944,6.5,4.0,1.0,2,0,1,2,0,0,0,2,1,2,1,1.0,4.0,4.0,3.0,4.0,0.0,8,8,7,1,2,7,5,0.6078723228596614,1.0,3.5,0.0,0.0,1
35.0,22.5,22.5,1.0,3.5,3.78,3.947969575324178,6.5,3.0,1.0,2,0,1,0,1,2,0,0,2,0,1,1.0,3.0,4.0,0.0,2.0,3.0,2,7,1,4,2,4,0,0.2138803808908055,2.25,1.0,0.0,1.0,3
10.0,22.5,45.0,1.0,3.5,96.0,2.937667180373431,6.5,2.815,1.0,0,0,2,1,0,0,0,1,2,2,2,0.0,0.0,0.0,3.0,3.0,0.0,5,1,1,0,5,2,9,0.5042401736540352,1.0,1.0,1.0,1.0,3
35.0,22.5,45.0,1.0,3.5,3.78,3.795037876927196,6.5,2.815,2.0,1,0,0,0,1,1,1,2,0,0,0,4.0,4.0,0.0,0.0,3.0,0.0,4,3,7,3,9,8,2,0.2908932124006505,2.0,3.5,0.0,0.0,1
35.0,22.5,22.5,1.0,3.5,3.78,2.967561077175067,9.0,2.0,2.0,0,0,2,0,1,2,0,0,0,2,1,1.0,1.0,3.0,3.0,1.0,2.0,1,4,5,6,3,0,1,0.8164430175194876,2.0,0.0,0.0,1.0,3
24.0,22.5,75.0,1.0,3.5,3.78,3.969322163475054,6.5,3.0,2.0,0,1,1,0,0,1,0,2,1,2,0,3.0,0.0,2.0,2.0,2.0,3.0,7,1,1,7,6,6,7,0.08106510541581358,2.0,1.0,0.0,1.0,3
10.0,22.5,45.0,1.0,3.5,3.78,2.690513731960598,6.5,2.0,1.0,1,2,0,1,1,1,0,0,2,1,0,4.0,3.0,2.0,0.0,1.0,0.0,1,6,1,9,5,7,3,0.6393883550674011,2.0,0.0,1.0,0.0,1
10.0,22.5,22.5,1.0,3.5,3.78,2.935725231020976,6.5,3.0,1.0,2,1,0,0,0,2,1,1,0,2,0,4.0,0.0,4.0,1.0,2.0,4.0,8,7,1,5,7,9,1,0.7004735049806671,1.0,1.0,0.0,0.0,1
10.0,22.5,45.0,1.0,3.5,3.78,3.607066467280557,6.5,2.0,2.0,2,2,1,1,2,1,1,0,0,1,2,1.0,2.0,0.0,4.0,4.0,4.0,5,0,4,1,7,3,8,0.8099265920620903,2.0,1.0,1.0,1.0,3
35.0,45.0,75.0,9.0,3.5,3.78,3.32864930390334,6.5,4.0,2.0,0,1,2,0,0,0,2,0,1,0,2,3.0,3.0,3.0,0.0,4.0,1.0,5,6,8,2,7,1,9,0.5016106972868954,1.0,3.5,0.0,0.0,1
35.0,22.5,75.0,1.0,3.5,3.78,3.203575172756423,9.0,3.0,2.0,0,2,1,1,1,1,0,1,1,2,0,3.0,1.0,1.0,0.0,2.0,0.0,4,0,8,5,2,6,5,0.1944611869160224,2.25,3.5,1.0,1.0,3
24.0,45.0,22.5,1.0,3.5,3.78,2.957693970550093,9.0,2.815,1.0,0,1,0,1,2,1,1,1,2,2,1,4.0,2.0,1.0,2.0,0.0,0.0,7,0,4,9,9,4,4,0.8186337590377459,2.25,1.0,1.0,1.0,3
24.0,45.0,22.5,1.0,3.5,3.78,2.524071970074744,6.5,2.0,2.0,2,0,0,1,2,2,0,2,0,1,2,0.0,2.0,1.0,4.0,0.0,2.0,0,0,3,8,1,3,5,0.4492863356204421,2.25,1.0,0.0,1.0,3
35.0,22.5,75.0,1.0,3.5,96.0,3.83058554347052,6.5,2.0,1.0,1,2,1,2,2,2,2,1,1,2,2,1.0,1.0,0.0,1.0,1.0,4.0,9,6,9,7,9,6,3,0.4667105459096389,2.0,1.0,0.0,1.0,3
10.0,22.5,75.0,1.0,3.5,3.78,3.877796284516666,6.5,2.815,0.0,0,0,2,1,2,2,0,0,1,0,1,4.0,0.0,0.0,2.0,2.0,3.0,2,4,5,2,4,2,7,0.9118956648337492,2.25,1.0,0.0,1.0,3
35.0,22.5,75.0,1.0,3.5,3.78,3.458308899603298,6.5,2.0,1.0,1,2,1,0,1,1,1,2,2,0,0,3.0,1.0,2.0,3.0,1.0,4.0,7,1,8,3,1,3,6,0.9369917824425975,2.25,1.0,0.0,1.0,3
10.0,45.0,45.0,9.0,3.5,3.78,3.642608695161837,9.0,2.0,1.0,2,1,0,0,0,0,1,2,1,0,2,2.0,4.0,2.0,4.0,1.0,1.0,4,9,3,1,5,2,2,0.553046657555211,2.0,1.0,1.0,0.0,1
10.0,45.0,75.0,1.0,3.5,96.0,3.889052934194761,6.5,2.815,2.0,0,1,2,2,2,0,0,0,1,1,1,1.0,1.0,2.0,2.0,3.0,3.0,8,6,9,7,3,1,0,0.3160386754585849,2.25,1.0,0.0,1.0,3
24.0,22.5,75.0,1.0,3.5,3.78,2.811413771469143,6.5,3.0,1.0,0,2,1,1,0,2,0,1,0,0,0,2.0,2.0,4.0,1.0,1.0,0.0,5,0,4,7,5,9,6,0.642886048974417,2.0,1.0,1.0,1.0,3
24.0,45.0,22.5,1.0,3.5,3.78,3.869572588666657,6.5,2.0,1.0,1,0,0,2,2,0,2,0,2,1,2,3.0,2.0,1.0,0.0,1.0,4.0,6,7,7,6,9,2,3,0.7078794062675275,2.25,1.0,0.0,1.0,3
35.0,22.5,22.5,1.0,3.5,3.78,2.642678855839163,6.5,2.0,1.0,2,1,0,0,1,1,0,2,1,0,2,1.0,1.0,0.0,0.0,2.0,3.0,2,6,8,7,7,9,0,0.974661439863348,1.0,1.0,1.0,0.0,1
24.0,22.5,75.0,9.0,3.5,3.78,3.197372496164031,6.5,2.815,0.0,0,2,0,1,1,1,1,1,1,1,1,3.0,3.0,1.0,4.0,0.0,0.0,1,9,1,2,8,5,9,0.5692292833941311,2.0,1.0,1.0,0.0,1
35.0,22.5,75.0,1.0,3.5,3.78,3.578021149579229,9.0,2.815,0.0,0,1,2,0,1,1,2,0,2,2,1,3.0,0.0,1.0,2.0,2.0,4.0,2,2,2,7,0,9,0,0.3536231197982811,2.25,1.0,0.0,1.0,3
24.0,45.0,75.0,1.0,3.5,96.0,3.994711744927734,9.0,4.0,0.0,1,0,0,2,0,0,1,0,1,0,1,2.0,2.0,3.0,1.0,4.0,4.0,2,2,8,8,1,4,7,0.7263289881990836,2.0,0.0,0.0,0.0,1
24.0,45.0,22.5,1.0,3.5,96.0,2.824974941052893,9.0,2.815,1.0,0,0,1,0,1,0,1,0,0,1,1,2.0,0.0,4.0,2.0,0.0,0.0,2,2,3,6,3,8,3,0.911523959592421,2.25,0.0,0.0,0.0,1
35.0,22.5,75.0,1.0,3.5,3.78,2.988047545585645,6.5,2.0,2.0,1,1,0,2,1,2,2,1,2,0,2,2.0,3.0,3.0,0.0,2.0,2.0,7,8,7,7,4,1,6,0.9987802176794095,1.0,0.0,1.0,1.0,3
10.0,22.5,75.0,1.0,3.5,3.78,3.455578222344171,9.0,3.0,2.0,1,2,2,0,2,1,1,0,1,2,1,2.0,4.0,4.0,4.0,3.0,1.0,5,2,8,8,6,8,4,0.634655198582078,2.0,1.0,0.0,1.0,3
24.0,22.5,45.0,1.0,3.5,96.0,3.277019954655608,6.5,2.0,1.0,2,0,2,0,1,2,2,0,2,1,1,2.0,2.0,2.0,0.0,2.0,2.0,0,7,7,1,7,2,9,0.02218370947230353,2.0,0.0,0.0,1.0,3
35.0,22.5,22.5,1.0,3.5,3.78,2.582924928056567,6.5,3.0,0.0,2,1,0,0,0,2,2,1,1,1,0,1.0,4.0,1.0,3.0,0.0,4.0,1,9,5,8,2,8,3,0.7152506990576347,1.0,0.0,0.0,0.0,1
10.0,22.5,75.0,1.0,3.5,3.78,2.943712685581797,6.5,4.0,2.0,1,1,2,2,1,1,1,2,0,0,0,3.0,2.0,2.0,4.0,4.0,4.0,2,5,3,9,8,3,7,0.3274805676706508,2.25,0.0,0.0,0.0,1
24.0,22.5,75.0,1.0,3.5,3.78,3.459278398965883,6.5,2.0,1.0,2,1,0,0,0,0,0,2,0,1,1,3.0,1.0,4.0,3.0,4.0,3.0,3,3,1,4,0,4,2,0.06761813657829985,2.0,1.0,1.0,1.0,3
10.0,22.5,75.0,1.0,3.5,3.78,3.174860605878796,6.5,2.0,2.0,2,1,1,1,1,0,0,0,1,1,1,4.0,3.0,3.0,4.0,4.0,2.0,7,8,3,9,0,9,5,0.7586618762123415,2.0,1.0,0.0,1.0,3
35.0,22.5,22.5,1.0,3.5,3.78,3.001593272269529,6.5,2.815,0.0,2,1,0,2,1,0,1,0,1,2,1,2.0,3.0,1.0,2.0,0.0,4.0,1,2,7,8,2,7,3,0.4629455751422189,2.25,1.0,0.0,1.0,3
35.0,22.5,22.5,1.0,3.5,3.78,3.370314614063116,6.5,2.0,1.0,1,1,0,2,0,2,1,2,2,0,0,4.0,3.0,3.0,1.0,3.0,1.0,6,4,5,7,7,7,0,0.1111326128532464,2.0,1.0,0.0,1.0,3
10.0,22.5,75.0,1.0,3.5,3.78,2.6932849375428,9.0,3.0,1.0,1,1,0,0,1,2,2,1,1,2,1,0.0,1.0,1.0,1.0,4.0,2.0,1,0,1,4,2,1,6,0.3787756461462541,2.25,1.0,0.0,0.0,1
35.0,22.5,75.0,1.0,3.5,3.78,3.803930512552345,9.0,2.0,0.0,1,2,0,2,1,1,1,0,0,1,1,0.0,0.0,0.0,0.0,3.0,2.0,2,4,9,9,8,0,8,0.1564503498540957,2.0,1.0,1.0,0.0,1
35.0,22.5,22.5,1.0,3.5,3.78,2.826869043035125,6.5,2.815,2.0,2,2,1,2,2,0,2,0,0,0,0,0.0,1.0,0.0,3.0,2.0,3.0,0,2,0,3,3,3,2,0.9321716324013507,2.25,1.0,1.0,1.0,3
10.0,22.5,75.0,1.0,3.5,96.0,3.987384121755931,9.0,2.0,2.0,2,1,2,2,1,1,2,2,2,2,0,4.0,4.0,1.0,1.0,4.0,3.0,4,7,7,9,6,6,7,0.7520703477146089,2.0,1.0,0.0,1.0,3
24.0,22.5,45.0,1.0,3.5,3.78,3.652036547838826,6.5,3.0,0.0,0,2,0,0,0,2,1,0,2,1,1,3.0,0.0,2.0,0.0,2.0,0.0,2,9,0,3,7,6,6,0.8525875557139387,2.0,3.5,1.0,1.0,3
35.0,22.5,75.0,1.0,3.5,3.78,3.272364435319143,6.5,2.815,2.0,2,0,1,1,0,0,2,2,0,0,0,0.0,4.0,3.0,3.0,2.0,3.0,0,6,3,9,6,5,6,0.9947533146939904,2.25,1.0,1.0,0.0,1
35.0,45.0,45.0,1.0,3.5,3.78,3.166356500835708,9.0,2.815,2.0,2,2,0,1,0,0,2,2,0,2,0,3.0,3.0,2.0,1.0,4.0,4.0,1,9,2,8,6,4,7,0.6509146042560886,1.0,0.0,0.0,0.0,1
10.0,22.5,22.5,9.0,3.5,3.78,3.790343186830047,6.5,2.815,0.0,1,1,0,0,0,2,0,1,2,2,2,0.0,1.0,0.0,1.0,1.0,0.0,6,9,4,1,4,3,4,0.2098568335578957,2.0,1.0,0.0,1.0,3
10.0,22.5,22.5,1.0,3.5,3.78,3.093908506660554,6.5,4.0,2.0,0,2,0,2,2,0,1,1,1,2,1,4.0,4.0,4.0,3.0,4.0,2.0,1,7,6,3,6,7,3,0.2434803939646586,1.0,0.0,1.0,1.0,3
35.0,22.5,22.5,1.0,3.5,3.78,2.962415131825977,6.5,2.815,0.0,2,0,2,0,1,1,2,1,1,2,2,2.0,0.0,2.0,0.0,1.0,3.0,8,9,2,1,6,3,8,0.001131613767485162,2.25,1.0,1.0,1.0,3
24.0,22.5,22.5,1.0,3.5,3.78,2.95086372534606,6.5,3.0,2.0,1,0,2,2,0,2,0,1,0,2,1,2.0,3.0,1.0,4.0,2.0,4.0,1,0,1,0,1,2,7,0.092196475516366,1.0,1.0,0.0,1.0,3
35.0,22.5,75.0,1.0,3.5,96.0,3.081246532303996,6.5,2.0,0.0,1,1,2,2,2,1,1,1,1,1,0,2.0,1.0,0.0,0.0,1.0,3.0,5,9,8,7,2,9,2,0.1720948563419247,1.0,0.0,0.0,1.0,3
24.0,22.5,22.5,1.0,3.5,3.78,3.199337873722299,9.0,4.0,1.0,2,0,0,1,1,1,1,2,0,2,0,0.0,3.0,0.0,2.0,1.0,2.0,8,7,2,5,3,4,8,0.447700085904526,2.25,0.0,1.0,1.0,3
35.0,22.5,22.5,1.0,3.5,3.78,3.698957235794568,6.5,2.0,1.0,2,1,1,0,1,1,2,0,2,2,1,3.0,4.0,1.0,0.0,0.0,0.0,7,0,3,9,0,9,1,0.568827880414955,2.0,3.5,1.0,1.0,3
35.0,22.5,75.0,1.0,3.5,3.78,3.249689247393855,9.0,3.0,2.0,2,1,1,1,2,1,2,2,1,2,2,1.0,4.0,4.0,0.0,0.0,3.0,6,8,7,2,9,6,9,0.4621226412566756,2.0,1.0,0.0,1.0,3
24.0,22.5,45.0,1.0,3.5,3.78,2.904978626802,9.0,4.0,0.0,0,1,0,2,2,0,2,1,2,1,1,0.0,2.0,0.0,4.0,4.0,3.0,4,2,3,4,8,3,6,0.9364150924382403,2.0,3.5,0.0,1.0,3
10.0,22.5,75.0,1.0,3.5,3.78,3.696551167973258,6.5,2.815,0.0,1,2,2,2,1,1,2,0,2,1,0,4.0,3.0,2.0,4.0,0.0,2.0,1,1,4,4,6,3,4,0.9867798774750105,2.25,0.0,1.0,1.0,3
10.0,22.5,75.0,1.0,3.5,3.78,3.827981192065216,6.5,2.0,1.0,2,1,0,0,1,1,1,0,1,2,0,2.0,4.0,1.0,3.0,0.0,0.0,5,2,6,0,9,4,7,0.8481443979267141,2.0,0.0,0.0,0.0,1
24.0,45.0,75.0,9.0,3.5,96.0,2.899846390437582,9.0,4.0,2.0,0,1,2,1,1,0,0,0,0,0,1,3.0,0.0,0.0,4.0,2.0,4.0,4,3,9,4,7,4,8,0.6463131198178804,2.25,1.0,0.0,0.0,1
10.0,22.5,75.0,1.0,3.5,3.78,3.141895629327513,6.5,2.0,2.0,1,0,2,2,1,0,2,2,0,1,2,0.0,0.0,2.0,3.0,4.0,4.0,7,5,8,4,8,0,6,0.3742357030263879,2.0,3.5,1.0,1.0,3
35.0,22.5,75.0,1.0,3.5,3.78,2.634571169961058,9.0,2.0,1.0,2,1,2,1,2,1,0,0,2,0,1,3.0,3.0,0.0,1.0,0.0,2.0,4,1,7,6,9,8,0,0.9204381089879585,2.25,1.0,1.0,1.0,3
35.0,22.5,22.5,9.0,3.5,3.78,3.915063545154091,6.5,3.0,2.0,2,1,2,0,1,0,0,2,1,0,1,4.0,3.0,0.0,3.0,1.0,3.0,7,5,1,0,6,1,0,0.057604649611527,2.25,3.5,1.0,1.0,3
24.0,22.5,75.0,1.0,3.5,3.78,3.767303766369718,6.5,2.815,2.0,1,2,2,0,1,1,0,1,0,0,1,0.0,1.0,1.0,0.0,1.0,2.0,4,5,3,8,9,8,6,0.2552100175921995,2.0,1.0,1.0,1.0,3
10.0,22.5,75.0,1.0,3.5,3.78,3.337776549189342,6.5,2.815,0.0,2,0,2,0,2,2,0,2,2,0,1,0.0,0.0,3.0,1.0,1.0,1.0,7,2,6,3,3,8,2,0.3083323689528286,2.25,0.0,1.0,1.0,3
35.0,22.5,22.5,1.0,3.5,3.78,3.340178651652697,6.5,2.815,2.0,0,2,2,0,1,1,1,2,2,1,0,2.0,1.0,0.0,0.0,1.0,0.0,9,3,8,7,9,5,8,0.15353985834949,2.25,3.5,1.0,1.0,3
24.0,22.5,45.0,1.0,3.5,3.78,3.717488778117858,6.5,4.0,1.0,0,1,2,2,2,0,0,2,2,2,1,4.0,4.0,1.0,3.0,3.0,0.0,7,4,5,5,9,2,5,0.8871904730235535,1.0,0.0,1.0,1.0,3
10.0,22.5,22.5,1.0,3.5,96.0,3.428688981950661,6.5,2.0,0.0,0,1,0,2,1,2,1,0,2,0,0,3.0,3.0,0.0,0.0,2.0,2.0,5,3,0,7,0,5,8,0.2279787590354257,1.0,1.0,1.0,1.0,3
24.0,22.5,75.0,1.0,3.5,3.78,2.68308478945929,6.5,2.815,1.0,1,0,0,0,0,1,2,1,1,2,2,0.0,4.0,0.0,4.0,3.0,4.0,8,2,2,2,7,0,0,0.6142338710942514,2.25,1.0,1.0,1.0,3
35.0,22.5,45.0,1.0,3.5,3.78,3.933873353459186,6.5,2.0,1.0,0,2,1,2,0,2,2,2,0,2,2,3.0,1.0,1.0,2.0,2.0,3.0,7,5,1,3,1,1,1,0.5970028046038575,2.25,1.0,0.0,1.0,3
24.0,22.5,75.0,1.0,3.5,3.78,2.592090163236558,6.5,2.815,2.0,2,1,0,0,0,1,2,0,2,0,0,0.0,4.0,2.0,0.0,1.0,1.0,5,6,0,3,2,6,1,0.3461947225706997,2.25,3.5,1.0,1.0,3
10.0,22.5,22.5,1.0,3.5,3.78,3.551829005194754,6.5,2.0,2.0,2,1,0,2,2,0,1,0,2,1,2,3.0,0.0,0.0,1.0,2.0,0.0,7,8,5,7,1,5,4,0.4889870068809333,2.0,1.0,0.0,1.0,3
24.0,22.5,45.0,1.0,3.5,3.78,3.726163745458464,6.5,3.0,2.0,2,1,1,0,0,2,0,2,0,0,1,2.0,2.0,1.0,2.0,1.0,1.0,8,8,9,3,6,1,3,0.8308950615193798,2.25,3.5,1.0,1.0,3
10.0,22.5,75.0,1.0,3.5,96.0,3.004461424938844,6.5,3.0,0.0,0,2,1,0,0,2,0,2,2,2,0,1.0,3.0,1.0,4.0,1.0,3.0,2,5,6,8,3,2,1,0.6167681802872275,1.0,0.0,0.0,0.0,1
35.0,22.5,45.0,1.0,3.5,3.78,2.986676507195392,9.0,4.0,2.0,1,1,0,2,0,1,0,2,2,1,0,2.0,0.0,2.0,1.0,2.0,1.0,2,2,2,2,2,6,9,0.7120499762289817,2.25,1.0,0.0,1.0,3
10.0,22.5,22.5,1.0,3.5,96.0,2.789206737088685,9.0,2.0,0.0,0,2,2,1,1,0,0,2,1,1,1,1.0,0.0,1.0,3.0,0.0,3.0,2,3,0,6,6,1,7,0.8070167907841705,2.0,0.0,1.0,0.0,1
10.0,22.5,75.0,1.0,3.5,3.78,3.669635247274414,6.5,2.0,1.0,2,1,1,1,2,0,1,0,2,1,1,2.0,1.0,4.0,4.0,0.0,2.0,4,4,4,2,1,5,7,0.0616753595095042,1.0,1.0,0.0,0.0,1
24.0,22.5,45.0,1.0,3.5,96.0,3.362192162670016,6.5,2.815,1.0,0,2,2,1,1,2,0,2,1,2,0,0.0,0.0,0.0,4.0,3.0,1.0,5,7,4,6,4,5,2,0.6735207979830256,2.25,3.5,1.0,1.0,3
24.0,22.5,75.0,9.0,3.5,96.0,2.87637729095989,6.5,2.815,2.0,2,0,2,1,0,1,2,0,1,0,0,4.0,3.0,4.0,2.0,3.0,2.0,1,1,4,9,4,8,1,0.7488223089615429,2.25,1.0,1.0,1.0,3
24.0,45.0,75.0,1.0,3.5,3.78,3.022679035505081,9.0,3.0,0.0,1,0,1,0,1,0,2,1,1,1,1,3.0,2.0,2.0,0.0,2.0,2.0,9,8,3,5,5,1,3,0.9643214783025562,2.25,1.0,1.0,0.0,1
24.0,45.0,75.0,1.0,3.5,3.78,3.395590905425964,6.5,2.0,1.0,2,0,0,0,2,0,0,2,0,0,1,3.0,4.0,0.0,1.0,1.0,3.0,4,5,5,4,3,6,1,0.2577370278327442,1.0,3.5,1.0,1.0,3
35.0,22.5,22.5,1.0,3.5,3.78,2.528973212591617,6.5,2.0,1.0,2,1,2,0,0,1,1,2,1,1,1,1.0,4.0,0.0,1.0,3.0,0.0,5,7,5,2,5,4,6,0.1415526718245683,2.0,1.0,0.0,1.0,3
35.0,22.5,75.0,1.0,3.5,3.78,2.566879117416358,6.5,2.815,1.0,1,1,2,0,2,1,0,2,1,0,2,2.0,4.0,1.0,0.0,2.0,2.0,2,9,3,9,2,2,1,0.5390780659653241,2.25,0.0,1.0,1.0,3
24.0,22.5,45.0,1.0,3.5,96.0,2.763648949139163,9.0,4.0,0.0,0,2,2,1,0,0,0,1,1,1,1,4.0,3.0,3.0,2.0,3.0,4.0,4,6,0,5,0,1,9,0.8422271596864753,1.0,0.0,0.0,0.0,1
35.0,22.5,75.0,1.0,3.5,3.78,3.031595523537229,6.5,2.0,0.0,2,1,1,2,1,2,2,0,1,0,0,2.0,2.0,3.0,4.0,2.0,0.0,3,8,5,5,9,0,1,0.5826901745362169,2.25,0.0,1.0,0.0,1
10.0,22.5,75.0,1.0,3.5,3.78,2.646311606789974,6.5,2.815,1.0,1,2,2,2,1,1,0,0,1,2,2,2.0,2.0,3.0,2.0,4.0,1.0,3,4,5,4,8,0,4,0.1294717029651161,1.0,0.0,1.0,1.0,3
35.0,22.5,22.5,1.0,3.5,96.0,2.780295978115304,6.5,3.0,0.0,2,0,1,1,1,2,2,0,0,1,1,4.0,0.0,2.0,4.0,0.0,4.0,2,4,0,8,2,2,1,0.3284891412181314,2.0,1.0,0.0,0.0,1
35.0,22.5,22.5,1.0,3.5,3.78,3.643709165742066,6.5,2.0,0.0,0,1,1,2,0,2,2,1,2,1,2,0.0,1.0,4.0,0.0,2.0,4.0,1,3,5,6,8,8,4,0.8342221523787757,2.0,3.5,0.0,0.0,1
10.0,22.5,75.0,1.0,3.5,3.78,3.505890637370469,6.5,2.0,0.0,2,0,0,2,2,0,0,0,2,1,0,1.0,2.0,0.0,3.0,2.0,2.0,6,1,6,1,7,1,0,0.482070605570979,2.0,1.0,1.0,1.0,3
35.0,22.5,22.5,1.0,3.5,96.0,3.827347878585138,6.5,2.815,1.0,2,0,0,1,1,1,2,0,0,0,0,4.0,1.0,0.0,1.0,3.0,1.0,0,5,2,1,3,8,6,0.980461653529284,2.25,1.0,1.0,1.0,3
24.0,45.0,75.0,1.0,3.5,3.78,3.047993508520298,9.0,2.0,0.0,0,1,0,1,1,1,0,0,2,2,1,1.0,1.0,0.0,1.0,1.0,3.0,5,3,8,1,7,1,4,0.8793399070233462,2.25,1.0,1.0,1.0,3
10.0,22.5,75.0,1.0,3.5,96.0,2.939450799613658,6.5,2.815,0.0,2,2,0,0,0,0,2,1,0,1,1,3.0,4.0,4.0,0.0,1.0,1.0,5,5,6,8,1,1,2,0.7197499541803651,2.0,3.5,0.0,1.0,3
24.0,22.5,75.0,1.0,3.5,3.78,3.531970638817383,6.5,2.0,2.0,1,2,2,1,2,1,2,2,1,2,2,2.0,2.0,2.0,0.0,0.0,2.0,4,1,4,2,5,5,2,0.01916864723956857,2.0,1.0,1.0,1.0,3
35.0,22.5,75.0,1.0,3.5,3.78,3.521804389244108,6.5,3.0,0.0,2,0,0,2,2,0,1,1,2,1,1,2.0,0.0,1.0,4.0,3.0,2.0,4,3,9,5,2,0,3,0.3056298232245622,2.25,1.0,1.0,1.0,3
35.0,22.5,75.0,9.0,3.5,3.78,2.584280800035709,9.0,2.0,2.0,0,0,2,2,0,2,2,1,1,0,0,3.0,4.0,2.0,2.0,1.0,0.0,3,4,5,3,4,9,9,0.55755315561017,2.25,3.5,0.0,1.0,3
35.0,22.5,45.0,1.0,3.5,3.78,3.174348719399433,6.5,4.0,0.0,1,2,1,1,2,2,0,1,0,1,0,2.0,0.0,4.0,1.0,0.0,3.0,3,0,4,5,3,5,6,0.8800988452536564,1.0,0.0,0.0,1.0,3
35.0,22.5,45.0,1.0,3.5,3.78,3.777835215697968,6.5,2.0,0.0,0,2,2,0,2,0,1,2,1,1,1,0.0,1.0,0.0,1.0,3.0,4.0,7,4,5,1,3,7,5,0.4344708161472312,2.25,0.0,1.0,0.0,1
10.0,22.5,75.0,1.0,3.5,96.0,3.666431305567923,6.5,2.0,0.0,0,0,0,1,2,2,2,0,0,0,2,1.0,2.0,2.0,0.0,0.0,2.0,7,2,3,1,1,0,4,0.07319299057396611,2.0,1.0,0.0,1.0,3
10.0,22.5,75.0,1.0,3.5,96.0,2.98134062656907,6.5,3.0,1.0,2,1,2,0,1,1,2,2,2,1,2,3.0,3.0,1.0,3.0,0.0,2.0,1,4,3,6,9,1,0,0.9426963150743503,2.25,1.0,1.0,1.0,3
35.0,22.5,22.5,1.0,3.5,3.78,2.51617531492738,9.0,2.815,0.0,1,0,0,0,2,1,2,1,2,0,2,4.0,0.0,1.0,0.0,1.0,3.0,2,4,9,2,6,9,1,0.7958245047023805,2.25,1.0,1.0,0.0,1
10.0,22.5,75.0,1.0,3.5,3.78,3.481593864856113,6.5,2.815,2.0,1,2,1,1,2,1,0,0,0,2,1,2.0,3.0,3.0,4.0,3.0,0.0,3,7,8,1,9,0,9,0.1135735283134686,2.25,0.0,1.0,0.0,1
10.0,22.5,45.0,1.0,3.5,3.78,2.766014368691427,9.0,4.0,1.0,2,1,1,2,0,0,1,0,0,1,1,1.0,2.0,1.0,0.0,0.0,2.0,4,9,5,1,3,4,9,0.1711975294374919,2.25,0.0,0.0,1.0,3
35.0,22.5,22.5,1.0,3.5,3.78,3.027923997877496,6.5,2.815,0.0,2,0,2,0,2,2,0,2,0,0,0,3.0,0.0,3.0,4.0,0.0,0.0,2,5,4,0,2,5,9,0.1548543599372927,2.25,1.0,0.0,0.0,1
24.0,22.5,75.0,9.0,3.5,3.78,3.417221705611469,6.5,2.815,0.0,0,2,2,1,0,2,2,1,0,1,2,4.0,0.0,2.0,3.0,2.0,1.0,1,9,7,8,0,0,8,0.09973037779884597,1.0,0.0,0.0,0.0,1
35.0,22.5,75.0,1.0,3.5,3.78,3.562909370786429,6.5,2.0,2.0,0,0,2,0,1,0,2,2,2,0,2,2.0,3.0,0.0,2.0,2.0,4.0,3,6,6,7,4,5,3,0.6366924014362138,1.0,0.0,0.0,1.0,3
10.0,22.5,22.5,1.0,3.5,96.0,3.958962621827704,6.5,2.0,0.0,2,0,0,0,2,2,2,1,2,2,2,4.0,1.0,3.0,3.0,0.0,4.0,5,2,3,6,9,6,6,0.7975869255063761,2.25,1.0,0.0,0.0,1
24.0,45.0,75.0,1.0,3.5,3.78,3.21782401465313,6.5,2.815,2.0,1,1,2,2,0,1,2,1,2,2,2,2.0,2.0,3.0,1.0,2.0,4.0,5,1,2,3,1,9,3,0.001126168762891622,2.0,3.5,0.0,0.0,1
35.0,22.5,45.0,1.0,3.5,3.78,3.348492950838053,6.5,3.0,0.0,1,0,1,0,1,0,2,0,1,2,1,1.0,4.0,0.0,0.0,3.0,0.0,1,5,1,0,2,9,0,0.3165308491695035,2.25,1.0,0.0,0.0,1
10.0,45.0,75.0,1.0,3.5,3.78,3.375481020339175,9.0,2.815,2.0,1,2,0,1,1,1,2,2,2,2,2,3.0,0.0,3.0,0.0,2.0,4.0,5,2,7,7,9,5,5,0.3016015092810364,1.0,1.0,0.0,0.0,1
35.0,22.5,22.5,1.0,3.5,3.78,2.559261466485386,6.5,2.815,0.0,2,0,1,0,1,1,2,1,2,0,1,1.0,4.0,4.0,3.0,4.0,4.0,5,8,2,7,8,9,5,0.6718228715528555,2.25,1.0,0.0,0.0,1
35.0,22.5,22.5,1.0,3.5,3.78,3.681115107220682,6.5,3.0,1.0,2,0,2,0,2,1,1,1,2,2,2,0.0,0.0,3.0,4.0,4.0,2.0,0,4,0,5,5,6,9,0.1694097848984402,2.25,3.5,1.0,1.0,3
35.0,22.5,75.0,1.0,3.5,96.0,3.868818887090754,6.5,2.815,1.0,0,2,2,2,0,1,1,1,2,0,0,2.0,1.0,3.0,1.0,3.0,2.0,0,0,2,2,7,0,6,0.3143419967182158,2.25,3.5,1.0,1.0,3
35.0,22.5,22.5,1.0,3.5,3.78,3.024674056462919,6.5,2.815,2.0,0,1,0,0,1,0,1,1,2,1,1,3.0,1.0,4.0,1.0,1.0,0.0,5,9,9,4,4,0,6,0.8939223007483915,2.25,1.0,1.0,1.0,3
10.0,22.5,45.0,1.0,3.5,3.78,2.677543089985897,9.0,2.815,2.0,0,1,1,0,2,2,0,1,2,1,2,2.0,3.0,2.0,4.0,1.0,2.0,9,5,9,9,0,7,6,0.1573035116774056,2.25,1.0,0.0,0.0,1
24.0,22.5,22.5,1.0,3.5,96.0,3.67608905101816,9.0,2.0,0.0,1,1,2,2,1,2,2,1,1,2,2,1.0,1.0,2.0,0.0,1.0,1.0,1,3,4,5,3,6,4,0.2380545591855141,2.25,1.0,0.0,0.0,1
35.0,22.5,22.5,1.0,3.5,3.78,2.97167943235893,6.5,2.815,0.0,2,2,2,2,2,2,1,1,2,1,1,0.0,3.0,2.0,0.0,0.0,0.0,4,4,0,7,1,9,5,0.3461960473324559,2.0,1.0,0.0,0.0,1
10.0,22.5,75.0,1.0,3.5,3.78,3.553199912319104,6.5,2.815,0.0,1,2,0,1,0,0,0,1,2,2,2,3.0,4.0,2.0,4.0,3.0,4.0,2,5,6,0,1,8,4,0.6686478561751585,2.25,0.0,1.0,1.0,3
35.0,22.5,22.5,1.0,3.5,3.78,3.216133876373873,6.5,2.815,2.0,0,1,2,0,1,2,0,0,2,1,1,0.0,3.0,0.0,4.0,1.0,1.0,8,3,8,0,8,9,4,0.7462105001304147,1.0,1.0,0.0,0.0,1
24.0,22.5,45.0,1.0,3.5,3.78,3.989670398077172,6.5,2.0,2.0,0,2,2,1,0,1,1,1,2,2,0,2.0,2.0,1.0,4.0,1.0,0.0,5,2,0,2,3,1,0,0.8606648264513657,2.0,1.0,1.0,1.0,3
24.0,22.5,45.0,1.0,3.5,3.78,2.643183160653051,6.5,2.0,2.0,1,0,2,2,0,1,2,2,1,0,2,3.0,2.0,2.0,2.0,1.0,2.0,3,4,4,4,1,7,0,0.5789789143508395,2.0,3.5,0.0,1.0,3
24.0,45.0,75.0,9.0,3.5,96.0,3.779035658732835,9.0,4.0,1.0,1,1,2,0,2,2,2,0,1,0,2,4.0,0.0,1.0,1.0,4.0,0.0,3,0,4,1,5,5,0,0.9654207710396232,2.25,1.0,0.0,0.0,1
24.0,22.5,45.0,1.0,3.5,3.78,2.867459141727402,6.5,3.0,0.0,1,0,0,1,0,1,2,1,0,1,2,1.0,4.0,0.0,2.0,3.0,2.0,7,4,7,6,5,5,2,0.8241653406099801,2.25,3.5,0.0,1.0,3
35.0,22.5,45.0,1.0,3.5,3.78,3.173659654520146,6.5,2.0,0.0,2,1,0,1,2,1,1,1,0,0,0,1.0,4.0,3.0,0.0,3.0,4.0,7,3,5,3,9,5,1,0.1447941781936247,2.25,0.0,1.0,1.0,3
35.0,22.5,75.0,1.0,3.5,3.78,3.532130446166752,9.0,4.0,1.0,2,2,1,1,2,1,2,0,2,1,0,3.0,0.0,0.0,4.0,3.0,1.0,2,1,8,5,4,1,2,0.5794739925076289,1.0,1.0,0.0,0.0,1
35.0,22.5,22.5,1.0,3.5,3.78,2.544047418685226,6.5,2.815,0.0,1,2,2,1,0,1,0,0,0,2,0,1.0,1.0,1.0,0.0,3.0,3.0,0,6,5,4,3,0,3,0.9504771906401448,2.0,3.5,1.0,1.0,3
10.0,22.5,75.0,1.0,3.5,96.0,2.541332735702744,6.5,2.0,1.0,1,2,0,1,1,2,0,1,2,0,0,3.0,0.0,0.0,4.0,3.0,1.0,0,8,5,5,7,1,2,0.4581268749416777,2.0,1.0,0.0,0.0,1
10.0,22.5,45.0,1.0,3.5,96.0,3.816465783115084,6.5,3.0,1.0,2,2,2,0,1,1,0,0,2,1,2,3.0,4.0,3.0,1.0,1.0,1.0,1,8,3,1,4,3,7,0.06214965051051025,2.0,3.5,0.0,1.0,3
10.0,22.5,45.0,1.0,3.5,96.0,3.466105875088187,9.0,3.0,1.0,0,0,1,0,1,0,0,0,2,1,1,0.0,0.0,3.0,2.0,0.0,3.0,7,1,7,9,7,6,7,0.3949962597556924,1.0,1.0,1.0,0.0,1
35.0,45.0,45.0,1.0,3.5,3.78,3.820513764108132,6.5,2.0,2.0,1,0,1,1,0,1,1,2,2,2,0,1.0,4.0,3.0,4.0,2.0,4.0,5,8,7,3,0,5,7,0.9998883618716737,2.0,3.5,1.0,1.0,3
10.0,22.5,22.5,1.0,3.5,3.78,3.635893745725434,9.0,2.0,2.0,0,0,1,1,2,0,0,2,0,2,0,2.0,4.0,1.0,3.0,1.0,1.0,4,0,6,8,9,0,6,0.5739979016533745,1.0,1.0,0.0,0.0,1
24.0,22.5,75.0,1.0,3.5,3.78,3.284621515713641,6.5,2.0,2.0,1,2,0,2,2,0,0,0,2,0,1,4.0,3.0,0.0,3.0,0.0,1.0,0,0,2,4,2,0,2,0.8543255216590185,2.0,1.0,1.0,1.0,3
24.0,45.0,75.0,1.0,3.5,3.78,3.633354171813518,6.5,2.0,2.0,0,0,2,0,2,2,2,1,0,2,0,1.0,1.0,2.0,0.0,4.0,4.0,3,6,4,6,9,4,1,0.6362597531291434,1.0,1.0,0.0,1.0,3
10.0,22.5,75.0,1.0,3.5,3.78,2.812053572025953,6.5,2.0,0.0,1,1,2,1,2,1,2,0,0,2,0,3.0,1.0,1.0,2.0,1.0,2.0,6,4,8,1,2,9,7,0.3694395308353553,2.0,1.0,0.0,0.0,1
10.0,22.5,22.5,1.0,3.5,3.78,3.585016015932813,6.5,2.0,2.0,2,2,0,2,0,2,1,0,0,1,1,4.0,1.0,1.0,1.0,3.0,2.0,4,2,1,9,1,6,1,0.699798582895412,2.25,3.5,0.0,1.0,3
10.0,22.5,22.5,1.0,3.5,96.0,2.895471657199749,6.5,2.0,0.0,0,2,0,1,0,0,0,0,1,1,0,3.0,2.0,4.0,2.0,2.0,1.0,4,2,6,1,9,1,8,0.7817136010972509,2.0,1.0,0.0,1.0,3
35.0,22.5,22.5,1.0,3.5,3.78,2.53390234647245,6.5,2.815,1.0,1,1,0,2,0,2,1,0,2,2,1,1.0,1.0,0.0,2.0,3.0,0.0,9,3,0,8,0,9,4,0.722290299315017,2.0,1.0,0.0,1.0,3
10.0,45.0,22.5,1.0,3.5,3.78,3.50891634892271,9.0,3.0,1.0,0,2,0,2,0,1,2,0,2,0,2,0.0,1.0,1.0,1.0,0.0,3.0,3,1,7,7,1,9,2,0.6567365778091451,2.0,1.0,1.0,1.0,3
10.0,22.5,45.0,1.0,3.5,3.78,3.561860378475123,6.5,2.815,2.0,0,0,0,0,0,2,0,0,2,1,2,2.0,3.0,3.0,4.0,2.0,2.0,5,1,4,1,2,0,1,0.02259516617252733,2.25,0.0,0.0,1.0,3
10.0,22.5,22.5,1.0,3.5,3.78,2.515543861347396,6.5,2.815,0.0,0,0,2,0,0,0,2,0,2,1,2,3.0,4.0,4.0,0.0,2.0,0.0,2,2,0,4,7,0,8,0.1970349576458986,1.0,3.5,1.0,0.0,1
24.0,22.5,45.0,1.0,3.5,3.78,3.749402284404109,6.5,2.0,2.0,2,2,1,0,1,0,2,1,1,1,0,2.0,1.0,2.0,4.0,3.0,2.0,2,7,1,7,6,9,5,0.3482857148118298,2.25,0.0,0.0,0.0,1
10.0,22.5,75.0,1.0,3.5,3.78,2.891685679789929,6.5,2.815,2.0,0,0,2,0,2,0,0,1,0,2,0,0.0,4.0,4.0,0.0,4.0,3.0,9,3,0,4,0,4,6,0.01633508473599155,2.25,1.0,0.0,1.0,3
10.0,22.5,75.0,1.0,3.5,3.78,3.74058595633945,6.5,2.0,2.0,1,1,1,0,0,0,1,1,0,1,2,4.0,0.0,2.0,2.0,1.0,0.0,2,3,6,6,1,8,3,0.1690117403555103,2.0,3.5,0.0,1.0,3
24.0,22.5,45.0,1.0,3.5,3.78,3.68827822921558,6.5,2.0,1.0,2,2,2,2,2,1,1,2,1,2,2,4.0,0.0,4.0,1.0,2.0,2.0,8,9,0,3,2,3,6,0.06652289117333687,2.0,0.0,1.0,1.0,3
24.0,22.5,22.5,1.0,3.5,3.78,2.707535344560517,6.5,2.0,2.0,1,2,1,2,0,1,0,2,2,0,1,3.0,3.0,1.0,1.0,2.0,1.0,1,7,3,2,4,7,3,0.1547691796621308,2.25,0.0,1.0,1.0,3
10.0,22.5,45.0,1.0,3.5,3.78,2.609463003057498,6.5,2.815,2.0,1,2,2,1,1,1,1,1,2,2,2,3.0,4.0,0.0,4.0,1.0,4.0,7,3,2,2,1,6,9,0.05166766479298857,1.0,0.0,0.0,0.0,1
24.0,22.5,22.5,1.0,3.5,96.0,3.205781586317208,6.5,4.0,2.0,1,2,1,2,1,1,2,0,1,0,2,1.0,2.0,0.0,0.0,1.0,3.0,8,3,4,4,9,0,4,0.1882860675365786,1.0,1.0,0.0,0.0,1
35.0,22.5,45.0,1.0,3.5,3.78,2.54350341650706,6.5,2.815,1.0,1,0,1,1,1,2,0,1,1,2,0,0.0,2.0,0.0,3.0,4.0,2.0,0,3,5,9,1,4,4,0.8122869617752443,2.25,0.0,0.0,0.0,1
35.0,22.5,22.5,1.0,3.5,3.78,3.573221820424895,6.5,3.0,0.0,2,2,0,2,1,2,0,1,1,1,0,3.0,0.0,2.0,0.0,3.0,1.0,8,6,8,3,9,4,1,0.5556660791972394,1.0,3.5,0.0,1.0,3
24.0,22.5,45.0,9.0,3.5,96.0,3.619004338449821,6.5,2.0,1.0,0,1,0,1,1,0,1,1,1,2,0,0.0,2.0,0.0,2.0,3.0,2.0,6,4,5,7,8,9,3,0.306175029662238,2.25,0.0,0.0,0.0,1
24.0,22.5,45.0,1.0,3.5,3.78,3.295100671667909,6.5,3.0,0.0,0,0,0,0,1,0,1,0,2,2,2,4.0,0.0,2.0,3.0,4.0,3.0,6,7,6,5,2,4,7,0.7648809269642163,2.25,1.0,0.0,1.0,3
24.0,45.0,75.0,1.0,3.5,3.78,3.517497297726939,6.5,4.0,1.0,2,1,1,1,2,2,1,1,0,0,2,2.0,3.0,1.0,4.0,2.0,1.0,9,4,3,7,0,0,4,0.5432395982154604,2.0,1.0,1.0,1.0,3
24.0,22.5,75.0,1.0,3.5,3.78,2.994247555590434,9.0,3.0,0.0,1,2,1,2,0,0,2,0,0,1,0,4.0,0.0,4.0,2.0,2.0,1.0,2,2,3,8,0,8,6,0.08480405919103406,2.0,1.0,0.0,1.0,3
24.0,22.5,75.0,9.0,3.5,3.78,3.506664874494294,6.5,4.0,2.0,2,0,1,1,1,0,1,0,2,0,0,0.0,2.0,0.0,0.0,4.0,0.0,7,3,5,3,0,6,6,0.4368441452164566,2.25,1.0,0.0,1.0,3
24.0,45.0,75.0,1.0,3.5,3.78,3.180744546891836,6.5,2.815,1.0,0,2,1,1,2,1,2,2,1,1,2,3.0,2.0,0.0,0.0,0.0,4.0,2,0,7,4,7,7,0,0.8829732557507497,1.0,1.0,0.0,0.0,1
24.0,45.0,45.0,9.0,3.5,3.78,2.879957996582847,9.0,3.0,1.0,1,2,2,1,2,2,2,1,0,1,1,1.0,3.0,0.0,2.0,1.0,0.0,0,3,4,3,7,8,9,0.6445878575453843,2.25,3.5,0.0,0.0,1
35.0,22.5,45.0,1.0,3.5,3.78,3.70269771836282,6.5,3.0,2.0,0,1,0,1,0,2,0,0,1,0,2,3.0,2.0,1.0,0.0,4.0,2.0,9,4,3,2,3,6,6,0.574027980076303,2.0,0.0,1.0,0.0,1
24.0,45.0,75.0,1.0,3.5,3.78,3.943176793384814,9.0,4.0,2.0,2,0,1,1,2,1,1,1,2,1,0,1.0,0.0,2.0,0.0,1.0,0.0,6,9,4,3,6,5,8,0.2574987383632432,2.0,1.0,0.0,0.0,1
24.0,45.0,75.0,1.0,3.5,3.78,3.166227942931951,6.5,3.0,0.0,0,2,0,0,0,1,1,0,1,2,0,3.0,0.0,2.0,1.0,2.0,4.0,6,5,9,1,6,8,9,0.5100531978161991,2.25,0.0,0.0,1.0,3
35.0,45.0,75.0,1.0,3.5,3.78,3.331528316884623,9.0,3.0,1.0,0,1,1,1,0,2,2,2,2,1,1,4.0,1.0,3.0,3.0,3.0,1.0,5,7,6,5,6,3,0,0.6283226986634948,2.25,0.0,1.0,0.0,1
10.0,22.5,75.0,1.0,3.5,3.78,3.470499502369587,6.5,2.815,2.0,1,0,0,2,1,0,2,1,0,0,2,3.0,4.0,0.0,0.0,3.0,0.0,7,8,8,6,4,4,1,0.7194485145381686,2.25,1.0,0.0,1.0,3
24.0,22.5,45.0,1.0,3.5,3.78,2.515430662546557,6.5,2.815,2.0,2,2,1,0,1,2,1,2,2,1,0,0.0,0.0,4.0,2.0,4.0,1.0,4,9,7,3,4,5,2,0.3110687963105435,2.25,3.5,0.0,1.0,3
35.0,45.0,22.5,1.0,3.5,3.78,3.623945486607471,6.5,4.0,2.0,2,2,1,2,1,1,1,1,1,2,0,2.0,1.0,2.0,1.0,1.0,0.0,6,9,2,2,2,8,1,0.6841857312229888,2.0,1.0,0.0,0.0,1
24.0,22.5,45.0,1.0,3.5,3.78,3.243926383600993,6.5,4.0,0.0,2,1,0,1,1,2,2,2,1,0,2,4.0,0.0,2.0,3.0,4.0,1.0,5,9,1,4,3,1,5,0.6122469897706687,2.25,1.0,0.0,1.0,3
10.0,22.5,45.0,1.0,3.5,3.78,3.900616665021034,6.5,2.815,2.0,2,0,2,0,2,2,1,2,2,1,0,3.0,4.0,2.0,4.0,0.0,4.0,5,6,9,8,3,4,9,0.2734495863673224,2.25,1.0,1.0,0.0,1
24.0,22.5,22.5,1.0,3.5,3.78,3.891929954178003,6.5,2.0,2.0,1,2,0,2,1,1,2,1,2,2,0,0.0,1.0,1.0,0.0,0.0,1.0,6,7,7,3,7,9,4,0.6932945799006917,2.25,1.0,1.0,0.0,1
24.0,22.5,45.0,9.0,3.5,3.78,3.786465270366036,9.0,2.815,2.0,0,1,2,0,0,1,0,2,0,1,2,1.0,2.0,1.0,2.0,4.0,3.0,5,1,9,9,8,3,1,0.291842675700596,2.25,1.0,0.0,1.0,3
35.0,22.5,45.0,9.0,3.5,96.0,3.670551660963896,6.5,2.0,2.0,0,1,0,2,1,2,2,0,0,2,1,0.0,4.0,3.0,2.0,2.0,2.0,7,5,4,5,4,2,0,0.3243775740064054,2.25,1.0,1.0,1.0,3
10.0,22.5,75.0,1.0,3.5,96.0,2.741987517960872,6.5,2.815,2.0,2,1,1,0,0,0,2,2,1,0,2,1.0,2.0,0.0,2.0,2.0,3.0,9,3,3,5,4,4,0,0.5136427843998573,2.25,0.0,1.0,0.0,1
10.0,45.0,75.0,1.0,3.5,96.0,3.824100566244994,9.0,2.0,2.0,1,2,1,2,0,2,1,0,1,2,1,1.0,2.0,3.0,2.0,4.0,0.0,0,7,4,3,2,6,3,0.4013184578704304,2.25,1.0,0.0,1.0,3
10.0,22.5,45.0,1.0,3.5,3.78,2.619270508783976,6.5,2.0,0.0,1,0,2,1,1,2,1,2,2,2,2,3.0,4.0,3.0,2.0,0.0,4.0,7,3,6,1,5,2,5,0.8506397057499775,1.0,1.0,0.0,0.0,1
24.0,22.5,45.0,9.0,3.5,3.78,3.549720523919429,6.5,2.815,1.0,0,1,0,1,2,1,0,2,1,1,1,3.0,1.0,3.0,4.0,4.0,2.0,2,2,4,5,3,2,7,0.7752099319003367,1.0,1.0,0.0,0.0,1
24.0,22.5,45.0,9.0,3.5,96.0,3.111959824689273,6.5,4.0,2.0,1,1,1,1,2,0,2,2,1,1,2,1.0,2.0,3.0,3.0,4.0,2.0,8,5,0,5,4,7,2,0.2575379941346843,2.25,1.0,1.0,1.0,3
24.0,22.5,22.5,1.0,3.5,3.78,2.601891970546644,9.0,2.0,2.0,0,1,2,1,2,1,2,0,1,0,2,2.0,1.0,4.0,4.0,4.0,2.0,9,2,3,5,2,0,4,0.5435516818905833,2.25,0.0,0.0,1.0,3
35.0,22.5,45.0,1.0,3.5,3.78,3.999768978948455,6.5,2.0,1.0,0,2,2,2,1,1,0,1,0,2,1,2.0,2.0,1.0,4.0,0.0,0.0,3,8,5,0,1,9,3,0.3728259969746471,2.0,1.0,0.0,1.0,3
24.0,22.5,75.0,9.0,3.5,96.0,3.293104590832509,6.5,4.0,0.0,1,2,2,0,0,2,1,2,1,2,2,4.0,2.0,0.0,3.0,1.0,1.0,1,0,5,4,1,5,4,0.7243720212563844,2.25,3.5,1.0,1.0,3
24.0,45.0,22.5,1.0,3.5,96.0,3.747956069831885,9.0,4.0,1.0,0,1,2,1,1,2,1,2,0,1,2,0.0,3.0,0.0,0.0,4.0,1.0,5,7,6,8,5,1,0,0.4509254108446793,2.25,3.5,1.0,1.0,3
24.0,22.5,22.5,9.0,3.5,3.78,3.977942516447581,9.0,3.0,2.0,2,2,1,1,2,1,1,1,0,1,0,1.0,3.0,2.0,1.0,2.0,3.0,9,8,5,1,0,4,9,0.8155791918844258,2.0,1.0,0.0,0.0,1
35.0,45.0,45.0,1.0,3.5,96.0,2.817470400802014,6.5,3.0,1.0,1,2,1,0,2,0,1,1,2,0,0,4.0,0.0,2.0,0.0,0.0,2.0,9,4,1,1,6,0,2,0.2703968479911728,2.0,3.5,1.0,1.0,3
35.0,22.5,22.5,1.0,3.5,3.78,2.756246067079102,6.5,2.0,0.0,0,2,0,1,2,1,1,0,2,0,2,0.0,4.0,0.0,2.0,4.0,2.0,8,2,0,9,7,1,8,0.8793272786883937,2.0,1.0,1.0,1.0,3
24.0,22.5,22.5,9.0,3.5,3.78,2.859592370735233,6.5,2.815,0.0,0,2,1,0,0,1,0,2,2,0,2,0.0,3.0,1.0,3.0,2.0,2.0,3,8,7,4,8,6,5,0.5853950225511166,2.25,1.0,0.0,0.0,1
35.0,45.0,75.0,9.0,3.5,96.0,2.627920692236069,9.0,4.0,1.0,0,0,2,0,0,2,2,2,2,2,1,3.0,1.0,4.0,2.0,3.0,0.0,4,9,9,4,1,8,5,0.8954648576028597,2.25,1.0,1.0,1.0,3
35.0,22.5,75.0,9.0,3.5,3.78,2.703236859600823,6.5,2.815,2.0,0,0,2,1,2,1,0,1,1,2,1,2.0,0.0,4.0,3.0,3.0,3.0,9,9,2,9,3,4,5,0.8239736371107697,2.25,1.0,0.0,0.0,1
24.0,22.5,22.5,1.0,3.5,3.78,3.034488482225342,6.5,3.0,2.0,0,2,1,2,0,1,1,0,0,0,2,0.0,2.0,4.0,0.0,4.0,2.0,1,3,3,2,1,9,4,0.3109135137403958,2.25,1.0,0.0,1.0,3
35.0,22.5,75.0,1.0,3.5,3.78,3.263013094768174,6.5,2.0,2.0,0,1,1,2,0,0,1,1,1,2,2,4.0,0.0,1.0,2.0,3.0,4.0,6,8,9,9,4,0,1,0.4467049876864256,2.25,1.0,1.0,0.0,1
10.0,22.5,75.0,1.0,3.5,96.0,3.232529498476607,6.5,3.0,2.0,0,0,0,0,1,2,1,1,1,2,0,0.0,3.0,2.0,1.0,2.0,2.0,3,3,4,3,2,5,6,0.9028661022806893,2.25,1.0,0.0,0.0,1
24.0,45.0,75.0,1.0,3.5,3.78,3.617687549983507,9.0,2.0,0.0,1,0,1,1,2,1,1,0,1,2,0,4.0,0.0,2.0,1.0,2.0,0.0,8,7,6,7,8,8,9,0.0635513811889894,1.0,1.0,1.0,0.0,1
35.0,22.5,75.0,1.0,3.5,3.78,3.140334358683473,9.0,2.815,1.0,0,2,1,2,2,2,0,2,1,2,0,0.0,4.0,4.0,1.0,1.0,1.0,0,8,2,4,9,7,6,0.6013969044169457,2.25,3.5,0.0,0.0,1
10.0,22.5,75.0,1.0,3.5,3.78,3.900202137754181,6.5,2.815,1.0,1,2,1,1,1,1,0,2,0,1,2,1.0,1.0,3.0,3.0,0.0,4.0,6,7,6,3,5,4,8,0.5837138466519056,2.0,0.0,0.0,1.0,3
24.0,22.5,45.0,9.0,3.5,96.0,2.511531433391917,9.0,2.0,1.0,0,2,1,0,1,0,1,1,1,0,2,2.0,4.0,1.0,1.0,0.0,2.0,6,3,4,1,9,5,9,0.3607132208024527,2.0,3.5,1.0,0.0,1
24.0,22.5,75.0,1.0,3.5,3.78,2.957905292832418,9.0,2.0,2.0,2,1,1,2,2,0,1,2,0,0,1,0.0,1.0,1.0,0.0,3.0,1.0,7,4,5,7,5,8,2,0.0646972786123704,1.0,1.0,0.0,1.0,3
35.0,22.5,22.5,1.0,3.5,3.78,3.796372838234332,6.5,3.0,1.0,0,2,1,2,0,0,2,0,2,0,2,3.0,3.0,3.0,3.0,3.0,1.0,3,4,4,5,8,2,8,0.959794157862929,2.25,1.0,1.0,1.0,3
35.0,22.5,75.0,9.0,3.5,3.78,3.153285246017792,6.5,2.0,1.0,2,1,0,1,2,1,2,0,1,2,0,0.0,2.0,2.0,0.0,1.0,0.0,0,6,8,0,8,2,9,0.1233331139104178,2.25,3.5,0.0,0.0,1
24.0,45.0,75.0,1.0,3.5,3.78,2.924918981705543,6.5,2.815,0.0,1,0,0,0,2,1,1,2,0,0,2,1.0,2.0,0.0,4.0,1.0,3.0,8,8,0,5,2,8,7,0.004777728379404045,2.25,1.0,1.0,1.0,3
35.0,22.5,45.0,9.0,3.5,96.0,3.098161081516111,9.0,3.0,1.0,0,2,1,2,1,1,2,1,2,1,0,2.0,4.0,3.0,4.0,1.0,3.0,8,9,8,6,0,5,9,0.5730927694793964,2.25,1.0,0.0,0.0,1
35.0,45.0,75.0,1.0,3.5,96.0,3.032541369246682,9.0,2.815,1.0,0,1,2,2,0,2,0,1,2,0,1,4.0,0.0,2.0,3.0,0.0,1.0,6,5,7,6,2,3,7,0.01542434141567772,2.0,3.5,0.0,0.0,1
10.0,22.5,75.0,1.0,3.5,3.78,3.209338027860427,6.5,2.0,2.0,0,1,1,1,1,0,1,2,0,0,2,4.0,3.0,1.0,1.0,2.0,2.0,0,6,9,3,9,9,2,0.4348913320424341,2.0,1.0,1.0,1.0,3
35.0,22.5,75.0,1.0,3.5,3.78,2.724395029807531,6.5,4.0,2.0,0,1,0,0,0,1,2,0,1,1,0,1.0,1.0,1.0,3.0,1.0,0.0,7,3,7,1,1,2,8,0.4690905734105512,2.25,1.0,1.0,1.0,3
10.0,22.5,75.0,1.0,3.5,96.0,3.145564111950664,6.5,2.0,1.0,0,0,0,2,1,2,0,0,1,1,0,1.0,3.0,3.0,1.0,3.0,3.0,7,1,2,6,8,1,3,0.7778344493872823,2.0,1.0,0.0,0.0,1
